kind,name,is_served,fold,window,level,level_order,wmape,wrmsse,mape,bias
Reconciliation,SARIMA base (incoherent),False,backtest_1,backtest,department,5,0.10774807590455009,0.6088209654381513,0.16156746539955186,-0.02205272042169013
Reconciliation,SARIMA base (incoherent),False,backtest_1,backtest,category,4,0.08752817792980905,0.543164332924575,0.09988639799722526,-0.026923902024448585
Reconciliation,SARIMA base (incoherent),False,backtest_1,backtest,store,3,0.07195657815708417,0.48961631254489724,0.07208774616604506,-0.026342850555316346
Reconciliation,SARIMA base (incoherent),False,backtest_1,backtest,state,2,0.06512429031292459,0.4472077176366866,0.06515979923085843,-0.021191711312231003
Reconciliation,SARIMA base (incoherent),False,backtest_1,backtest,total,1,0.06512429031292459,0.4472077176366866,0.06515979923085843,-0.021191711312231003
Reconciliation,SARIMA base (incoherent),False,backtest_1,backtest,item,6,0.762974425873277,0.8281916736993106,0.5858811194726875,0.016851781259231337
Reconciliation,Bottom-up,False,backtest_1,backtest,department,5,0.09962343805755783,0.5533632571691827,0.15836951495798338,0.016851781259231386
Reconciliation,Bottom-up,False,backtest_1,backtest,category,4,0.08401389909040509,0.504547895058291,0.10072741453221584,0.016851781259231355
Reconciliation,Bottom-up,False,backtest_1,backtest,store,3,0.07242134541830357,0.4632454918032656,0.0734170813260565,0.016851781259231445
Reconciliation,Bottom-up,False,backtest_1,backtest,state,2,0.048014182434440736,0.3388490232966897,0.04974444051218444,0.016851781259230997
Reconciliation,Bottom-up,False,backtest_1,backtest,total,1,0.048014182434440736,0.3388490232966897,0.04974444051218444,0.016851781259230997
Reconciliation,Bottom-up,False,backtest_1,backtest,item,6,0.762974425873277,0.8281916736993106,0.5858811194726875,0.016851781259231337
Reconciliation,Top-down,False,backtest_1,backtest,department,5,0.11836771915402179,0.6651864098674394,0.18930263353096957,-0.021191711312230983
Reconciliation,Top-down,False,backtest_1,backtest,category,4,0.0997598044599556,0.6044605427601434,0.12100505549945051,-0.021191711312231083
Reconciliation,Top-down,False,backtest_1,backtest,store,3,0.08473745738897799,0.5507527131163319,0.08564066432583022,-0.021191711312231184
Reconciliation,Top-down,False,backtest_1,backtest,state,2,0.06512429031292442,0.44720771763668754,0.06515979923085823,-0.021191711312230865
Reconciliation,Top-down,False,backtest_1,backtest,total,1,0.06512429031292442,0.44720771763668754,0.06515979923085823,-0.021191711312230865
Reconciliation,Top-down,False,backtest_1,backtest,item,6,0.774639289130739,0.8558551358920834,0.589542129878322,-0.021191711312231003
Reconciliation,"MinT, in-sample weights",False,backtest_1,backtest,department,5,0.0938173573520965,0.5307602827177307,0.15322656324134784,0.006278333275175621
Reconciliation,"MinT, in-sample weights",False,backtest_1,backtest,category,4,0.07643837493565488,0.47237071929422497,0.09343186637074943,0.006278333275175715
Reconciliation,"MinT, in-sample weights",False,backtest_1,backtest,store,3,0.06339693065877651,0.42423196181525924,0.06445486524015068,0.006278333275175814
Reconciliation,"MinT, in-sample weights",False,backtest_1,backtest,state,2,0.046853284717231214,0.3318452868236717,0.04740709181523851,0.00627833327517463
Reconciliation,"MinT, in-sample weights",False,backtest_1,backtest,total,1,0.046853284717231214,0.3318452868236717,0.04740709181523851,0.00627833327517463
Reconciliation,"MinT, in-sample weights",False,backtest_1,backtest,item,6,0.7606538387446219,0.8279225470384943,0.5839879030843171,0.006278333275175628
Reconciliation,"MinT, out-of-sample weights",True,backtest_1,backtest,department,5,0.0938173573520965,0.5307602827177307,0.15322656324134784,0.006278333275175621
Reconciliation,"MinT, out-of-sample weights",True,backtest_1,backtest,category,4,0.07643837493565488,0.47237071929422497,0.09343186637074943,0.006278333275175715
Reconciliation,"MinT, out-of-sample weights",True,backtest_1,backtest,store,3,0.06339693065877651,0.42423196181525924,0.06445486524015068,0.006278333275175814
Reconciliation,"MinT, out-of-sample weights",True,backtest_1,backtest,state,2,0.046853284717231214,0.3318452868236717,0.04740709181523851,0.00627833327517463
Reconciliation,"MinT, out-of-sample weights",True,backtest_1,backtest,total,1,0.046853284717231214,0.3318452868236717,0.04740709181523851,0.00627833327517463
Reconciliation,"MinT, out-of-sample weights",True,backtest_1,backtest,item,6,0.7606538387446219,0.8279225470384943,0.5839879030843171,0.006278333275175628
Reconciliation,SARIMA base (incoherent),False,backtest_2,backtest,department,5,0.09986876100588694,0.65647374512118,0.23929631517059088,0.007786567947018066
Reconciliation,SARIMA base (incoherent),False,backtest_2,backtest,category,4,0.08259703568774038,0.6110091563244091,0.10619015926311719,0.000309325854556771
Reconciliation,SARIMA base (incoherent),False,backtest_2,backtest,store,3,0.06566014995559344,0.5565475323939668,0.07586946544082925,-0.0002922931706506086
Reconciliation,SARIMA base (incoherent),False,backtest_2,backtest,state,2,0.05058025948823041,0.4264435744809704,0.04895553111273084,0.016293274756022588
Reconciliation,SARIMA base (incoherent),False,backtest_2,backtest,total,1,0.05058025948823041,0.4264435744809704,0.04895553111273084,0.016293274756022588
Reconciliation,SARIMA base (incoherent),False,backtest_2,backtest,item,6,0.7838341355988665,0.8398308444304479,0.5970601600514461,0.06955534274733582
Reconciliation,Bottom-up,False,backtest_2,backtest,department,5,0.1203645734986889,0.7167245897580194,0.26063485823051824,0.06955534274733582
Reconciliation,Bottom-up,False,backtest_2,backtest,category,4,0.1088703443737933,0.7015893410976797,0.13659598833141606,0.06955534274733588
Reconciliation,Bottom-up,False,backtest_2,backtest,store,3,0.09565219981343782,0.682766770902612,0.10419137741251405,0.06955534274733574
Reconciliation,Bottom-up,False,backtest_2,backtest,state,2,0.08369978362454408,0.5590157440057267,0.0858140907032218,0.06955534274733666
Reconciliation,Bottom-up,False,backtest_2,backtest,total,1,0.08369978362454408,0.5590157440057267,0.0858140907032218,0.06955534274733666
Reconciliation,Bottom-up,False,backtest_2,backtest,item,6,0.7838341355988665,0.8398308444304479,0.5970601600514461,0.06955534274733582
Reconciliation,Top-down,False,backtest_2,backtest,department,5,0.12238600013017213,0.7500368104813143,0.26884474931425845,0.01629327475602261
Reconciliation,Top-down,False,backtest_2,backtest,category,4,0.1057454449431932,0.6910884192269748,0.14318200264787734,0.016293274756022495
Reconciliation,Top-down,False,backtest_2,backtest,store,3,0.0818542461754573,0.59282134272716,0.09219069713269194,0.016293274756022446
Reconciliation,Top-down,False,backtest_2,backtest,state,2,0.05058025948822912,0.42644357448096537,0.048955531112729635,0.0162932747560216
Reconciliation,Top-down,False,backtest_2,backtest,total,1,0.05058025948822912,0.42644357448096537,0.048955531112729635,0.0162932747560216
Reconciliation,Top-down,False,backtest_2,backtest,item,6,0.7951176747406995,0.8776681797447627,0.6070577065636443,0.016293274756022588
Reconciliation,"MinT, in-sample weights",False,backtest_2,backtest,department,5,0.10934837532319064,0.6664291817625088,0.24669060786046318,0.0515906328532784
Reconciliation,"MinT, in-sample weights",False,backtest_2,backtest,category,4,0.09721543287700922,0.6400948005181731,0.1208052185300037,0.051590632853278466
Reconciliation,"MinT, in-sample weights",False,backtest_2,backtest,store,3,0.08273507379467405,0.6010933132867329,0.0912857638323998,0.051590632853278744
Reconciliation,"MinT, in-sample weights",False,backtest_2,backtest,state,2,0.06953080584587368,0.4817582829809058,0.07043485383218982,0.05159063285327827
Reconciliation,"MinT, in-sample weights",False,backtest_2,backtest,total,1,0.06953080584587368,0.4817582829809058,0.07043485383218982,0.05159063285327827
Reconciliation,"MinT, in-sample weights",False,backtest_2,backtest,item,6,0.7789656739117653,0.8377286014876736,0.5932765344173517,0.051590632853278404
Reconciliation,"MinT, out-of-sample weights",True,backtest_2,backtest,department,5,0.10751910197793128,0.6576199874880452,0.2452153270257163,0.04796218661262778
Reconciliation,"MinT, out-of-sample weights",True,backtest_2,backtest,category,4,0.09498930679668717,0.6283834136372808,0.1187822831798677,0.04796218661262787
Reconciliation,"MinT, out-of-sample weights",True,backtest_2,backtest,store,3,0.08000560687976441,0.5837954802716183,0.08900316196906742,0.04796218661262771
Reconciliation,"MinT, out-of-sample weights",True,backtest_2,backtest,state,2,0.06682184708118973,0.4681473936118448,0.06746245943235611,0.04796218661262801
Reconciliation,"MinT, out-of-sample weights",True,backtest_2,backtest,total,1,0.06682184708118973,0.4681473936118448,0.06746245943235611,0.04796218661262801
Reconciliation,"MinT, out-of-sample weights",True,backtest_2,backtest,item,6,0.7774716812606359,0.8377379860675331,0.5926484936393837,0.0479621866126278
Reconciliation,SARIMA base (incoherent),False,backtest_3,backtest,department,5,0.09722928745096929,0.5722122197756683,0.14369087221690235,-0.0019385478281003536
Reconciliation,SARIMA base (incoherent),False,backtest_3,backtest,category,4,0.07479013096899909,0.49009207485816325,0.08635727529704845,-0.00920671655098078
Reconciliation,SARIMA base (incoherent),False,backtest_3,backtest,store,3,0.06229467378025834,0.41841683773833777,0.05895091941616774,-0.014127738730691146
Reconciliation,SARIMA base (incoherent),False,backtest_3,backtest,state,2,0.046240960393579986,0.3456101522989966,0.04478934191241012,-0.005974044813459624
Reconciliation,SARIMA base (incoherent),False,backtest_3,backtest,total,1,0.046240960393579986,0.3456101522989966,0.04478934191241012,-0.005974044813459624
Reconciliation,SARIMA base (incoherent),False,backtest_3,backtest,item,6,0.7612760446670805,0.8212247477683956,0.5857372168676012,0.06301471510348701
Reconciliation,Bottom-up,False,backtest_3,backtest,department,5,0.1054296773011641,0.5880832418891297,0.1649980410304739,0.06301471510348701
Reconciliation,Bottom-up,False,backtest_3,backtest,category,4,0.09334595360300182,0.562716025949094,0.11094176690979574,0.06301471510348702
Reconciliation,Bottom-up,False,backtest_3,backtest,store,3,0.08317856928572015,0.5346920649105534,0.07983728909335097,0.06301471510348701
Reconciliation,Bottom-up,False,backtest_3,backtest,state,2,0.06301471510348826,0.4094028346220396,0.06630416731814533,0.06301471510348826
Reconciliation,Bottom-up,False,backtest_3,backtest,total,1,0.06301471510348826,0.4094028346220396,0.06630416731814533,0.06301471510348826
Reconciliation,Bottom-up,False,backtest_3,backtest,item,6,0.7612760446670805,0.8212247477683956,0.5857372168676012,0.06301471510348701
Reconciliation,Top-down,False,backtest_3,backtest,department,5,0.10565408906184727,0.6282884296372354,0.1509514972719051,-0.0059740448134596325
Reconciliation,Top-down,False,backtest_3,backtest,category,4,0.08565511557764388,0.55903047691989,0.10167192946880747,-0.005974044813459727
Reconciliation,Top-down,False,backtest_3,backtest,store,3,0.07121965662538457,0.4936610743594116,0.06843501006232969,-0.005974044813459691
Reconciliation,Top-down,False,backtest_3,backtest,state,2,0.046240960393579916,0.34561015229899933,0.04478934191241006,-0.005974044813458891
Reconciliation,Top-down,False,backtest_3,backtest,total,1,0.046240960393579916,0.34561015229899933,0.04478934191241006,-0.005974044813458891
Reconciliation,Top-down,False,backtest_3,backtest,item,6,0.7594720619804627,0.8447072269437472,0.588465647843434,-0.005974044813459625
Reconciliation,"MinT, in-sample weights",False,backtest_3,backtest,department,5,0.09482658155918754,0.5350101456739489,0.15001225706193153,0.042646175090473755
Reconciliation,"MinT, in-sample weights",False,backtest_3,backtest,category,4,0.08146618531823994,0.49878946617741493,0.09519752752718869,0.04264617509047389
Reconciliation,"MinT, in-sample weights",False,backtest_3,backtest,store,3,0.06757053368706982,0.45189052372009675,0.06551616349670163,0.042646175090473595
Reconciliation,"MinT, in-sample weights",False,backtest_3,backtest,state,2,0.045668291875855985,0.3162416113583104,0.04915799491660774,0.04264617509047312
Reconciliation,"MinT, in-sample weights",False,backtest_3,backtest,total,1,0.045668291875855985,0.3162416113583104,0.04915799491660774,0.04264617509047312
Reconciliation,"MinT, in-sample weights",False,backtest_3,backtest,item,6,0.756427768287645,0.8200931466312036,0.5813274388605616,0.04264617509047383
Reconciliation,"MinT, out-of-sample weights",True,backtest_3,backtest,department,5,0.08988586119406078,0.5128990432885113,0.14451479932103672,0.033067406672604625
Reconciliation,"MinT, out-of-sample weights",True,backtest_3,backtest,category,4,0.07492962045688747,0.4670218308899076,0.08977958775583274,0.0330674066726046
Reconciliation,"MinT, out-of-sample weights",True,backtest_3,backtest,store,3,0.05979323800908636,0.40703023584272474,0.05932643446618245,0.03306740667260457
Reconciliation,"MinT, out-of-sample weights",True,backtest_3,backtest,state,2,0.040545983955146817,0.28431767652846923,0.04363031790336125,0.0330674066726067
Reconciliation,"MinT, out-of-sample weights",True,backtest_3,backtest,total,1,0.040545983955146817,0.28431767652846923,0.04363031790336125,0.0330674066726067
Reconciliation,"MinT, out-of-sample weights",True,backtest_3,backtest,item,6,0.753784874199932,0.8216599300924596,0.5793469469287524,0.03306740667260461
Reconciliation,SARIMA base (incoherent),False,holdout,holdout,department,5,0.08601835454414823,0.5305249357697226,0.12069599739491133,-0.02605857535040537
Reconciliation,SARIMA base (incoherent),False,holdout,holdout,category,4,0.06900270713076276,0.46627891207390004,0.07966374828191505,-0.02790588038906966
Reconciliation,SARIMA base (incoherent),False,holdout,holdout,store,3,0.05781713501924524,0.4243886916296198,0.055729792826454926,-0.026826299797658975
Reconciliation,SARIMA base (incoherent),False,holdout,holdout,state,2,0.04623869797869675,0.36163010975843674,0.045637828188588365,-0.02493557840254941
Reconciliation,SARIMA base (incoherent),False,holdout,holdout,total,1,0.04623869797869675,0.36163010975843674,0.045637828188588365,-0.02493557840254941
Reconciliation,SARIMA base (incoherent),False,holdout,holdout,item,6,0.7497548109769125,0.8101005205786858,0.5934162460910375,0.03188548123582329
Reconciliation,Bottom-up,False,holdout,holdout,department,5,0.09912553964148646,0.5860867980658803,0.12043688095163485,0.03188548123582323
Reconciliation,Bottom-up,False,holdout,holdout,category,4,0.08174288259186567,0.5178336760224902,0.09127723462721643,0.03188548123582322
Reconciliation,Bottom-up,False,holdout,holdout,store,3,0.07009996737193638,0.48460301655479193,0.06506610428881288,0.031885481235823306
Reconciliation,Bottom-up,False,holdout,holdout,state,2,0.036872175615357536,0.278612937233537,0.03954420803603451,0.03188548123582431
Reconciliation,Bottom-up,False,holdout,holdout,total,1,0.036872175615357536,0.278612937233537,0.03954420803603451,0.03188548123582431
Reconciliation,Bottom-up,False,holdout,holdout,item,6,0.7497548109769125,0.8101005205786858,0.5934162460910375,0.03188548123582329
Reconciliation,Top-down,False,holdout,holdout,department,5,0.11520293476476517,0.7063401728896441,0.13620197310922275,-0.02493557840254938
Reconciliation,Top-down,False,holdout,holdout,category,4,0.09643598575802352,0.6441478560112426,0.10059836755749021,-0.024935578402549643
Reconciliation,Top-down,False,holdout,holdout,store,3,0.08708180857950536,0.6321856326225316,0.08350798083356246,-0.024935578402549854
Reconciliation,Top-down,False,holdout,holdout,state,2,0.04623869797869484,0.3616301097584271,0.04563782818858638,-0.024935578402548658
Reconciliation,Top-down,False,holdout,holdout,total,1,0.04623869797869484,0.3616301097584271,0.04563782818858638,-0.024935578402548658
Reconciliation,Top-down,False,holdout,holdout,item,6,0.7499743258257769,0.8254955463619043,0.5932443476472731,-0.02493557840254941
Reconciliation,"MinT, in-sample weights",False,holdout,holdout,department,5,0.09128544589945146,0.5486242917404915,0.11434858707480977,0.0166893619169496
Reconciliation,"MinT, in-sample weights",False,holdout,holdout,category,4,0.07320298278748553,0.47359824222567565,0.08242087675234674,0.0166893619169496
Reconciliation,"MinT, in-sample weights",False,holdout,holdout,store,3,0.059576297760147875,0.432402084350433,0.056087102594744406,0.01668936191694985
Reconciliation,"MinT, in-sample weights",False,holdout,holdout,state,2,0.03260316383736362,0.24062007683535055,0.03427364793458815,0.01668936191694917
Reconciliation,"MinT, in-sample weights",False,holdout,holdout,total,1,0.03260316383736362,0.24062007683535055,0.03427364793458815,0.01668936191694917
Reconciliation,"MinT, in-sample weights",False,holdout,holdout,item,6,0.7457004817132264,0.8080240184733521,0.5895098423821469,0.016689361916949582
Reconciliation,"MinT, out-of-sample weights",True,holdout,holdout,department,5,0.08742896893079853,0.5307139558453233,0.11319651328718815,0.00866842936096468
Reconciliation,"MinT, out-of-sample weights",True,holdout,holdout,category,4,0.06974021172617936,0.4564804707170215,0.07989664021003905,0.008668429360964602
Reconciliation,"MinT, out-of-sample weights",True,holdout,holdout,store,3,0.05515709420725029,0.4130151270955512,0.05239151998263682,0.008668429360964567
Reconciliation,"MinT, out-of-sample weights",True,holdout,holdout,state,2,0.031353225681250346,0.2384411708966035,0.032574337347943794,0.008668429360964475
Reconciliation,"MinT, out-of-sample weights",True,holdout,holdout,total,1,0.031353225681250346,0.2384411708966035,0.032574337347943794,0.008668429360964475
Reconciliation,"MinT, out-of-sample weights",True,holdout,holdout,item,6,0.7433899459567707,0.8076666089143427,0.5878846096312126,0.008668429360964637
Base model,Naive,False,backtest_1,backtest,department,5,0.36551222541841005,1.8335380904569003,0.4658339816451049,0.34464892782426776
Base model,Naive,False,backtest_1,backtest,category,4,0.353683152458159,1.8965160428533507,0.44700317127031314,0.34464892782426776
Base model,Naive,False,backtest_1,backtest,store,3,0.34779108917364016,2.0187837575647296,0.396052385891625,0.34464892782426776
Base model,Naive,False,backtest_1,backtest,state,2,0.34464892782426776,2.1235602809584537,0.37681578391798226,0.34464892782426776
Base model,Naive,False,backtest_1,backtest,total,1,0.34464892782426776,2.1235602809584537,0.37681578391798226,0.34464892782426776
Base model,Naive,False,backtest_1,backtest,item,6,1.0685391605648535,1.2344983754089802,1.003213222632169,0.34464892782426776
Base model,Seasonal naive,False,backtest_1,backtest,department,5,0.13286970449790794,0.7613914376972412,0.1935057696449583,-0.035033668933054395
Base model,Seasonal naive,False,backtest_1,backtest,category,4,0.11055177824267783,0.6896719616619663,0.12992350663039495,-0.035033668933054395
Base model,Seasonal naive,False,backtest_1,backtest,store,3,0.08915320998953975,0.6178618253703485,0.08975304035948255,-0.035033668933054395
Base model,Seasonal naive,False,backtest_1,backtest,state,2,0.07895855125523013,0.5862500278375748,0.07973481491792597,-0.035033668933054395
Base model,Seasonal naive,False,backtest_1,backtest,total,1,0.07895855125523013,0.5862500278375748,0.07973481491792597,-0.035033668933054395
Base model,Seasonal naive,False,backtest_1,backtest,item,6,0.8847288506799164,1.08326799753747,0.8449884488082253,-0.035033668933054395
Base model,LightGBM global,False,backtest_1,backtest,department,5,0.09962343805755783,0.5533632571691827,0.15836951495798338,0.016851781259231386
Base model,LightGBM global,False,backtest_1,backtest,category,4,0.08401389909040509,0.504547895058291,0.10072741453221584,0.016851781259231355
Base model,LightGBM global,False,backtest_1,backtest,store,3,0.07242134541830357,0.4632454918032656,0.0734170813260565,0.016851781259231445
Base model,LightGBM global,False,backtest_1,backtest,state,2,0.048014182434440736,0.3388490232966897,0.04974444051218444,0.016851781259230997
Base model,LightGBM global,False,backtest_1,backtest,total,1,0.048014182434440736,0.3388490232966897,0.04974444051218444,0.016851781259230997
Base model,LightGBM global,False,backtest_1,backtest,item,6,0.762974425873277,0.8281916736993106,0.5858811194726875,0.016851781259231337
Base model,LightGBM local,False,backtest_1,backtest,department,5,0.1133860404704116,0.6045987399377021,0.16072447821211486,0.005286971816359766
Base model,LightGBM local,False,backtest_1,backtest,category,4,0.09836985005700621,0.5693939692725277,0.10578556807183492,0.005286971816359648
Base model,LightGBM local,False,backtest_1,backtest,store,3,0.08747307681839096,0.538856578211206,0.08808650193858224,0.005286971816359605
Base model,LightGBM local,False,backtest_1,backtest,state,2,0.046702809402465024,0.3267893517632726,0.047445302089340606,0.005286971816359482
Base model,LightGBM local,False,backtest_1,backtest,total,1,0.046702809402465024,0.3267893517632726,0.047445302089340606,0.005286971816359482
Base model,LightGBM local,False,backtest_1,backtest,item,6,0.7697135397264634,0.8329857506927069,0.5869610302730319,0.005286971816359733
Base model,SARIMA,False,backtest_1,backtest,department,5,0.10774807590455009,0.6088209654381513,0.16156746539955186,-0.02205272042169013
Base model,SARIMA,False,backtest_1,backtest,category,4,0.08752817792980905,0.543164332924575,0.09988639799722526,-0.026923902024448585
Base model,SARIMA,False,backtest_1,backtest,store,3,0.07195657815708417,0.48961631254489724,0.07208774616604506,-0.026342850555316346
Base model,SARIMA,False,backtest_1,backtest,state,2,0.06512429031292459,0.4472077176366866,0.06515979923085843,-0.021191711312231003
Base model,SARIMA,False,backtest_1,backtest,total,1,0.06512429031292459,0.4472077176366866,0.06515979923085843,-0.021191711312231003
Base model,Prophet,False,backtest_1,backtest,store,3,0.06298817124561519,0.46784432255212416,0.06127690468447238,-0.032864675071500385
Base model,Prophet,False,backtest_1,backtest,state,2,0.05233863937599064,0.39476233359143703,0.04857029700698615,-0.03325115800781283
Base model,Prophet,False,backtest_1,backtest,total,1,0.05233863937599064,0.39476233359143703,0.04857029700698615,-0.03325115800781283
Base model,Naive,False,backtest_2,backtest,department,5,0.3464992475849905,1.7981391816171977,0.515674946762524,0.3114593614990049
Base model,Naive,False,backtest_2,backtest,category,4,0.33577531107910874,1.853679259982441,0.40884498882193315,0.3114593614990049
Base model,Naive,False,backtest_2,backtest,store,3,0.32561770845131954,1.9563592503206728,0.3726676218734569,0.3114593614990049
Base model,Naive,False,backtest_2,backtest,state,2,0.3223693791362599,2.058049642980173,0.35205184924833144,0.3114593614990049
Base model,Naive,False,backtest_2,backtest,total,1,0.3223693791362599,2.058049642980173,0.35205184924833144,0.3114593614990049
Base model,Naive,False,backtest_2,backtest,item,6,1.0742504166599245,1.2187478664095814,1.0066459486997994,0.3114593614990049
Base model,Seasonal naive,False,backtest_2,backtest,department,5,0.11734842478277051,0.7645362480053898,0.274135673269259,-0.02595427258458601
Base model,Seasonal naive,False,backtest_2,backtest,category,4,0.09822656591317293,0.7044832548345659,0.1228663692786755,-0.02595427258458601
Base model,Seasonal naive,False,backtest_2,backtest,store,3,0.07707399556641478,0.6288167811058442,0.09157081907144447,-0.02595427258458601
Base model,Seasonal naive,False,backtest_2,backtest,state,2,0.06698516205239398,0.480847672485609,0.06536125387372459,-0.02595427258458601
Base model,Seasonal naive,False,backtest_2,backtest,total,1,0.06698516205239398,0.480847672485609,0.06536125387372459,-0.02595427258458601
Base model,Seasonal naive,False,backtest_2,backtest,item,6,0.8934968689827025,1.0936997469127165,0.849457666919789,-0.02595427258458601
Base model,LightGBM global,False,backtest_2,backtest,department,5,0.1203645734986889,0.7167245897580194,0.26063485823051824,0.06955534274733582
Base model,LightGBM global,False,backtest_2,backtest,category,4,0.1088703443737933,0.7015893410976797,0.13659598833141606,0.06955534274733588
Base model,LightGBM global,False,backtest_2,backtest,store,3,0.09565219981343782,0.682766770902612,0.10419137741251405,0.06955534274733574
Base model,LightGBM global,False,backtest_2,backtest,state,2,0.08369978362454408,0.5590157440057267,0.0858140907032218,0.06955534274733666
Base model,LightGBM global,False,backtest_2,backtest,total,1,0.08369978362454408,0.5590157440057267,0.0858140907032218,0.06955534274733666
Base model,LightGBM global,False,backtest_2,backtest,item,6,0.7838341355988665,0.8398308444304479,0.5970601600514461,0.06955534274733582
Base model,LightGBM local,False,backtest_2,backtest,department,5,0.12320237813913378,0.7137260841489166,0.25171033107814056,0.051683431741229635
Base model,LightGBM local,False,backtest_2,backtest,category,4,0.11131648075175676,0.6931839274878175,0.13103218724998797,0.05168343174122962
Base model,LightGBM local,False,backtest_2,backtest,store,3,0.09598835091683734,0.6627696691911167,0.10090133151807404,0.05168343174122944
Base model,LightGBM local,False,backtest_2,backtest,state,2,0.07302165185184202,0.4927549440244709,0.07359865287785275,0.05168343174123006
Base model,LightGBM local,False,backtest_2,backtest,total,1,0.07302165185184202,0.4927549440244709,0.07359865287785275,0.05168343174123006
Base model,LightGBM local,False,backtest_2,backtest,item,6,0.7789873941351035,0.8382604927588346,0.5971954595525651,0.051683431741229614
Base model,SARIMA,False,backtest_2,backtest,department,5,0.09986876100588694,0.65647374512118,0.23929631517059088,0.007786567947018066
Base model,SARIMA,False,backtest_2,backtest,category,4,0.08259703568774038,0.6110091563244091,0.10619015926311719,0.000309325854556771
Base model,SARIMA,False,backtest_2,backtest,store,3,0.06566014995559344,0.5565475323939668,0.07586946544082925,-0.0002922931706506086
Base model,SARIMA,False,backtest_2,backtest,state,2,0.05058025948823041,0.4264435744809704,0.04895553111273084,0.016293274756022588
Base model,SARIMA,False,backtest_2,backtest,total,1,0.05058025948823041,0.4264435744809704,0.04895553111273084,0.016293274756022588
Base model,Prophet,False,backtest_2,backtest,store,3,0.07389013588170225,0.5726814157358662,0.07867314226053604,-0.010579135245990771
Base model,Prophet,False,backtest_2,backtest,state,2,0.0590411796926133,0.4489676706016181,0.05622111123612062,-0.012035671393916363
Base model,Prophet,False,backtest_2,backtest,total,1,0.0590411796926133,0.4489676706016181,0.05622111123612062,-0.012035671393916363
Base model,Naive,False,backtest_3,backtest,department,5,0.295056637529727,1.5396455841966303,0.3107646229840029,0.18270983456009965
Base model,Naive,False,backtest_3,backtest,category,4,0.2687044673335039,1.5099816260694419,0.28236340015626354,0.18270983456009965
Base model,Naive,False,backtest_3,backtest,store,3,0.24957603670183331,1.5026110168360076,0.26095015919648185,0.18270983456009965
Base model,Naive,False,backtest_3,backtest,state,2,0.2346882307788429,1.5223216785711067,0.2588448025354336,0.18270983456009965
Base model,Naive,False,backtest_3,backtest,total,1,0.2346882307788429,1.5223216785711067,0.2588448025354336,0.18270983456009965
Base model,Naive,False,backtest_3,backtest,item,6,1.0020667590956243,1.1878266168046836,0.9257760656030934,0.18270983456009965
Base model,Seasonal naive,False,backtest_3,backtest,department,5,0.12971194297172983,0.7835357821740494,0.18357435294531943,0.0017870920778862726
Base model,Seasonal naive,False,backtest_3,backtest,category,4,0.10129301367988242,0.6726479067301486,0.10883659041126512,0.0017870920778862726
Base model,Seasonal naive,False,backtest_3,backtest,store,3,0.0751947255990527,0.5565889507885724,0.0734448788600146,0.0017870920778862726
Base model,Seasonal naive,False,backtest_3,backtest,state,2,0.0625204543696484,0.4767215846942727,0.05852421441835763,0.0017870920778862726
Base model,Seasonal naive,False,backtest_3,backtest,total,1,0.0625204543696484,0.4767215846942727,0.05852421441835763,0.0017870920778862726
Base model,Seasonal naive,False,backtest_3,backtest,item,6,0.8970349345757689,1.1012771469225946,0.8472168957282656,0.0017870920778862726
Base model,LightGBM global,False,backtest_3,backtest,department,5,0.1054296773011641,0.5880832418891297,0.1649980410304739,0.06301471510348701
Base model,LightGBM global,False,backtest_3,backtest,category,4,0.09334595360300182,0.562716025949094,0.11094176690979574,0.06301471510348702
Base model,LightGBM global,False,backtest_3,backtest,store,3,0.08317856928572015,0.5346920649105534,0.07983728909335097,0.06301471510348701
Base model,LightGBM global,False,backtest_3,backtest,state,2,0.06301471510348826,0.4094028346220396,0.06630416731814533,0.06301471510348826
Base model,LightGBM global,False,backtest_3,backtest,total,1,0.06301471510348826,0.4094028346220396,0.06630416731814533,0.06301471510348826
Base model,LightGBM global,False,backtest_3,backtest,item,6,0.7612760446670805,0.8212247477683956,0.5857372168676012,0.06301471510348701
Base model,LightGBM local,False,backtest_3,backtest,department,5,0.10938489174448864,0.5972342075787654,0.15971399768451228,0.04518273538693099
Base model,LightGBM local,False,backtest_3,backtest,category,4,0.09859985114514662,0.5746994539628407,0.10910341161589845,0.04518273538693109
Base model,LightGBM local,False,backtest_3,backtest,store,3,0.08849115926250413,0.5450875671948094,0.08319046337675336,0.04518273538693103
Base model,LightGBM local,False,backtest_3,backtest,state,2,0.04675714759466468,0.32649522712853474,0.04980029385366974,0.04518273538693098
Base model,LightGBM local,False,backtest_3,backtest,total,1,0.04675714759466468,0.32649522712853474,0.04980029385366974,0.04518273538693098
Base model,LightGBM local,False,backtest_3,backtest,item,6,0.7599194583148499,0.8248104505415175,0.5886341279618413,0.04518273538693102
Base model,SARIMA,False,backtest_3,backtest,department,5,0.09722928745096929,0.5722122197756683,0.14369087221690235,-0.0019385478281003536
Base model,SARIMA,False,backtest_3,backtest,category,4,0.07479013096899909,0.49009207485816325,0.08635727529704845,-0.00920671655098078
Base model,SARIMA,False,backtest_3,backtest,store,3,0.06229467378025834,0.41841683773833777,0.05895091941616774,-0.014127738730691146
Base model,SARIMA,False,backtest_3,backtest,state,2,0.046240960393579986,0.3456101522989966,0.04478934191241012,-0.005974044813459624
Base model,SARIMA,False,backtest_3,backtest,total,1,0.046240960393579986,0.3456101522989966,0.04478934191241012,-0.005974044813459624
Base model,Prophet,False,backtest_3,backtest,store,3,0.060709668036325375,0.414550037879562,0.05915084939189678,-0.006830093436240258
Base model,Prophet,False,backtest_3,backtest,state,2,0.04842203817216201,0.34802437949633674,0.04761274318757914,-0.005480339109827836
Base model,Prophet,False,backtest_3,backtest,total,1,0.04842203817216201,0.34802437949633674,0.04761274318757914,-0.005480339109827836
Base model,Naive,False,holdout,holdout,department,5,0.2900013431317996,1.6138521905514671,0.3306196280695311,0.24572788149740007
Base model,Naive,False,holdout,holdout,category,4,0.27420995068787535,1.6329203296874517,0.3159394224578774,0.24572788149740007
Base model,Naive,False,holdout,holdout,store,3,0.26833854596388895,1.6935629100988026,0.2910701725183856,0.24572788149740007
Base model,Naive,False,holdout,holdout,state,2,0.25906709902718883,1.7888418890386075,0.28823990894071183,0.24572788149740007
Base model,Naive,False,holdout,holdout,total,1,0.25906709902718883,1.7888418890386075,0.28823990894071183,0.24572788149740007
Base model,Naive,False,holdout,holdout,item,6,1.0019110846748662,1.1601494404184192,0.9486950691638745,0.24572788149740007
Base model,Seasonal naive,False,holdout,holdout,department,5,0.10334056066158835,0.6141770338466378,0.1458881779862417,-0.043782259147686936
Base model,Seasonal naive,False,holdout,holdout,category,4,0.08347372258572058,0.5461034739201349,0.0985153683601396,-0.043782259147686936
Base model,Seasonal naive,False,holdout,holdout,store,3,0.0689448740334248,0.482402789066855,0.06670669323657506,-0.043782259147686936
Base model,Seasonal naive,False,holdout,holdout,state,2,0.06032580539938984,0.4333434406070789,0.06011751760412128,-0.043782259147686936
Base model,Seasonal naive,False,holdout,holdout,total,1,0.06032580539938984,0.4333434406070789,0.06011751760412128,-0.043782259147686936
Base model,Seasonal naive,False,holdout,holdout,item,6,0.8749851296122186,1.05363935249353,0.8401074010789522,-0.043782259147686936
Base model,LightGBM global,False,holdout,holdout,department,5,0.09912553964148646,0.5860867980658803,0.12043688095163485,0.03188548123582323
Base model,LightGBM global,False,holdout,holdout,category,4,0.08174288259186567,0.5178336760224902,0.09127723462721643,0.03188548123582322
Base model,LightGBM global,False,holdout,holdout,store,3,0.07009996737193638,0.48460301655479193,0.06506610428881288,0.031885481235823306
Base model,LightGBM global,False,holdout,holdout,state,2,0.036872175615357536,0.278612937233537,0.03954420803603451,0.03188548123582431
Base model,LightGBM global,False,holdout,holdout,total,1,0.036872175615357536,0.278612937233537,0.03954420803603451,0.03188548123582431
Base model,LightGBM global,False,holdout,holdout,item,6,0.7497548109769125,0.8101005205786858,0.5934162460910375,0.03188548123582329
Base model,LightGBM local,False,holdout,holdout,department,5,0.1102854073992025,0.6248457550227302,0.128021429120688,0.0030155385546030014
Base model,LightGBM local,False,holdout,holdout,category,4,0.09475920798979953,0.5676272873409945,0.09729906101243686,0.003015538554602901
Base model,LightGBM local,False,holdout,holdout,store,3,0.08520237083116164,0.5444514364194727,0.08115588663014209,0.0030155385546028505
Base model,LightGBM local,False,holdout,holdout,state,2,0.03207648483478571,0.23207134803286014,0.03275868349964465,0.003015538554603524
Base model,LightGBM local,False,holdout,holdout,total,1,0.03207648483478571,0.23207134803286014,0.03275868349964465,0.003015538554603524
Base model,LightGBM local,False,holdout,holdout,item,6,0.7437495130306578,0.8098194979338595,0.5928323745495793,0.003015538554602979
Base model,SARIMA,False,holdout,holdout,department,5,0.08601835454414823,0.5305249357697226,0.12069599739491133,-0.02605857535040537
Base model,SARIMA,False,holdout,holdout,category,4,0.06900270713076276,0.46627891207390004,0.07966374828191505,-0.02790588038906966
Base model,SARIMA,False,holdout,holdout,store,3,0.05781713501924524,0.4243886916296198,0.055729792826454926,-0.026826299797658975
Base model,SARIMA,False,holdout,holdout,state,2,0.04623869797869675,0.36163010975843674,0.045637828188588365,-0.02493557840254941
Base model,SARIMA,False,holdout,holdout,total,1,0.04623869797869675,0.36163010975843674,0.045637828188588365,-0.02493557840254941
Base model,Prophet,False,holdout,holdout,store,3,0.07123442534617118,0.5027726156460117,0.06930925655156742,-0.05323784849420327
Base model,Prophet,False,holdout,holdout,state,2,0.06283858796480085,0.4476335915571964,0.0596782970850236,-0.05212562295738368
Base model,Prophet,False,holdout,holdout,total,1,0.06283858796480085,0.4476335915571964,0.0596782970850236,-0.05212562295738368
