fold,week,policy,supply,units_fulfilled,units_demanded,fill_rate,revenue_fulfilled,units_lost,lost_revenue,min_node_fill,stockout_nodes,policy_label,week_label
backtest_2,1,lp_scenario,118527.13040260732,117344.1274499843,126906.0,0.9246538969787426,393627.58147731895,9561.872550015702,28130.914900287054,0.8135808299793577,18,Scenario LP,backtest_2 · week 1
backtest_2,1,pro_rata,118527.13040260732,117692.06728367819,126906.0,0.9273956100080232,388835.76318500447,9213.932716321806,32922.73319260164,0.8429106965150646,21,Pro-rata,backtest_2 · week 1
backtest_2,2,lp_scenario,117596.70175477369,115806.76494265493,125337.0,0.9239631149832447,387226.9996234186,9530.235057345075,26051.02581183643,0.8119918457930019,15,Scenario LP,backtest_2 · week 2
backtest_2,2,pro_rata,117596.70175477369,117231.25970926054,125337.0,0.9353284322208171,386366.3653819974,8105.740290739471,26911.66005325757,0.8219136859770884,24,Pro-rata,backtest_2 · week 2
backtest_2,3,lp_scenario,116323.08988209131,110477.81109583024,115897.0,0.9532413358053292,368185.2914909673,5419.18890416975,14899.241117415926,0.8539431736134587,12,Scenario LP,backtest_2 · week 3
backtest_2,3,pro_rata,116323.08988209131,111809.86368471305,115897.0,0.964734753140401,367945.7425470513,4087.136315286945,15138.79006133189,0.7858591034974546,17,Pro-rata,backtest_2 · week 3
backtest_2,4,lp_scenario,113861.87784342615,111441.35675578231,126268.0,0.88257798298684,372452.49422455404,14826.643244217687,39622.04694992577,0.7180238850277103,17,Scenario LP,backtest_2 · week 4
backtest_2,4,pro_rata,113861.87784342615,113307.61941407598,126268.0,0.8973581541964392,373194.2253819604,12960.380585924015,38880.31579251934,0.7446719701017648,23,Pro-rata,backtest_2 · week 4
backtest_3,1,lp_scenario,116808.99327009599,115485.8893742355,126424.0,0.9134807423767283,388595.6478752122,10938.110625764508,32749.37212988239,0.7853363181108415,20,Scenario LP,backtest_3 · week 1
backtest_3,1,pro_rata,116808.99327009599,115580.48777413898,126424.0,0.9142290053640051,382149.26145415875,10843.512225861004,39195.758550935876,0.7503225571463837,23,Pro-rata,backtest_3 · week 1
backtest_3,2,lp_scenario,120721.07735119549,118715.84140242919,130943.0,0.906622281469259,397493.6922190831,12227.158597570797,34743.16316566197,0.7898492588481655,20,Scenario LP,backtest_3 · week 2
backtest_3,2,pro_rata,120721.07735119549,119733.19694359032,130943.0,0.9143917349044265,395045.58728807775,11209.803056409697,37191.26809666729,0.808068098046005,22,Pro-rata,backtest_3 · week 2
backtest_3,3,lp_scenario,116010.65716440251,113825.05341563496,122216.0,0.9313433054234712,381713.0006488636,8390.946584365043,22661.30594850504,0.803923496589523,12,Scenario LP,backtest_3 · week 3
backtest_3,3,pro_rata,116010.65716440251,115214.11484614873,122216.0,0.9427089321050331,380676.17004906747,7001.8851538512745,23698.13654830123,0.7964593568598528,20,Pro-rata,backtest_3 · week 3
backtest_3,4,lp_scenario,115217.63695488639,114281.86947757892,124588.0,0.9172783051142881,383399.8169603032,10306.130522421088,29595.457333702114,0.7729078142986291,18,Scenario LP,backtest_3 · week 4
backtest_3,4,pro_rata,115217.63695488639,114508.90178008389,124588.0,0.9191005697184632,377742.1411719498,10079.098219916092,35253.13312205553,0.7815082536283726,23,Pro-rata,backtest_3 · week 4
holdout,1,lp_scenario,116883.79415542328,115493.61136100683,125232.0,0.9222372186103138,386829.7503704264,9738.388638993189,26930.650544676297,0.5603303900654264,20,Scenario LP,holdout · week 1
holdout,1,pro_rata,116883.79415542328,116690.55952941364,125232.0,0.93179506459542,384985.27381044923,8541.440470586356,28775.1271046536,0.549689263962855,27,Pro-rata,holdout · week 1
holdout,2,lp_scenario,119683.7169267092,118878.30877785519,131127.0,0.9065890989487686,398760.5926893532,12248.691222144816,34075.18480999821,0.6214303290698345,23,Scenario LP,holdout · week 2
holdout,2,pro_rata,119683.7169267092,119578.94266017649,131127.0,0.9119322691755053,394411.58524467115,11548.057339823528,38424.19225468029,0.5940169955516037,27,Pro-rata,holdout · week 2
holdout,3,lp_scenario,118845.77500601343,118065.26801987183,133788.0,0.8824802524880545,396475.36550808465,15722.731980128165,46313.153797842846,0.7042416982923237,25,Scenario LP,holdout · week 3
holdout,3,pro_rata,118845.77500601343,118845.77500601343,133788.0,0.8883141612552204,392379.67852971924,14942.224993986576,50408.84077620826,0.6726871920173908,28,Pro-rata,holdout · week 3
holdout,4,lp_scenario,117705.66670890266,115937.08415844518,131023.0,0.8848605524102271,388453.463844921,15085.915841554806,43957.215836257994,0.6342596337014414,23,Scenario LP,holdout · week 4
holdout,4,pro_rata,117705.66670890266,117479.45441832216,131023.0,0.8966323043917644,387619.5649794367,13543.545581677836,44791.114701742204,0.6053590773707043,27,Pro-rata,holdout · week 4
