fold,level,nominal,coverage,mean_width,level_order,nominal_label
backtest_2,department,0.8,0.7091836734693877,153.22516894824642,5,80% interval
backtest_2,department,0.95,0.9183673469387755,260.4041230078934,5,95% interval
backtest_2,category,0.8,0.7023809523809523,301.21118895852106,4,80% interval
backtest_2,category,0.95,0.8660714285714286,435.88586847298575,4,95% interval
backtest_2,store,0.8,0.625,696.4112672819982,3,80% interval
backtest_2,store,0.95,0.9196428571428571,1202.5067901110726,3,95% interval
backtest_2,state,0.8,0.5,2383.3029909190404,2,80% interval
backtest_2,state,0.95,0.8571428571428571,3405.046337158896,2,95% interval
backtest_2,total,0.8,0.5,2383.3029909190404,1,80% interval
backtest_2,total,0.95,0.8571428571428571,3405.046337158896,1,95% interval
backtest_2,item,0.8,0.7679567071170875,3.0695050676981745,6,80% interval
backtest_2,item,0.95,0.932322658482875,5.36266884492694,6,95% interval
backtest_3,department,0.8,0.7933673469387755,176.98118921916515,5,80% interval
backtest_3,department,0.95,0.9630102040816326,318.9337975910793,5,95% interval
backtest_3,category,0.8,0.7976190476190477,339.50778883762325,4,80% interval
backtest_3,category,0.95,0.9494047619047619,556.960330575993,4,95% interval
backtest_3,store,0.8,0.7946428571428571,813.5132299736226,3,80% interval
backtest_3,store,0.95,0.9464285714285714,1286.649935589428,3,95% interval
backtest_3,state,0.8,0.8928571428571429,2624.9731729428286,2,80% interval
backtest_3,state,0.95,1.0,5160.357552320513,2,95% interval
backtest_3,total,0.8,0.8928571428571429,2624.9731729428286,1,80% interval
backtest_3,total,0.95,1.0,5160.357552320513,1,95% interval
backtest_3,item,0.8,0.7900365459401208,3.127234629427583,6,80% interval
backtest_3,item,0.95,0.9443670055755986,5.430945917384693,6,95% interval
holdout,department,0.8,0.7321428571428571,170.60892484944182,5,80% interval
holdout,department,0.95,0.9043367346938775,280.8802324273959,5,95% interval
holdout,category,0.8,0.7619047619047619,324.2137310323443,4,80% interval
holdout,category,0.95,0.9553571428571429,536.4634020918945,4,95% interval
holdout,store,0.8,0.7053571428571429,724.9009247849938,3,80% interval
holdout,store,0.95,0.9107142857142857,1214.2244221472247,3,95% interval
holdout,state,0.8,0.75,1798.839725801874,2,80% interval
holdout,state,0.95,0.9642857142857143,3223.6557070677363,2,95% interval
holdout,total,0.8,0.75,1798.839725801874,1,80% interval
holdout,total,0.95,0.9642857142857143,3223.6557070677363,1,95% interval
holdout,item,0.8,0.7940191163379093,3.1515857728346135,6,80% interval
holdout,item,0.95,0.9475823454996954,5.416951334978647,6,95% interval
