fold,week,policy,supply,units_fulfilled,units_demanded,fill_rate,revenue_fulfilled,units_lost,lost_revenue,margin_fulfilled,start_stock,end_stock,min_node_fill,stockout_nodes
backtest_2,1,lp_scenario,118527.13040260732,126869.5535952577,126906.0,0.999712807867695,421627.7081156088,36.446404742303685,130.78826199723125,120873.6025429904,17655.617769761233,9313.19457711085,0.9911350511062792,2
backtest_2,1,pro_rata,118527.13040260732,126723.21492988156,126906.0,0.998559681416809,420992.39364298934,182.78507011844556,766.1027346167227,120683.89399897253,17655.617769761233,9459.533242487,0.9711330258427604,6
backtest_2,2,lp_scenario,117596.70175477369,122567.12236974892,125337.0,0.9779005590507904,405312.4171749244,2769.8776302510723,7965.608260330599,115886.1818610247,9313.19457711085,4342.773962135632,0.8792016329687461,9
backtest_2,2,pro_rata,117596.70175477369,122771.47652584249,125337.0,0.979530996639799,404928.6905817633,2565.523474157494,8349.334853491737,115672.84935040996,9459.533242487,4284.758471418151,0.8837794552658645,11
backtest_2,3,lp_scenario,116323.08988209131,113719.44273393734,115897.0,0.9812112715077813,376561.1247637305,2177.557266062682,6523.407844652678,108104.10760613726,4342.773962135632,6946.42111028963,0.8648572820258602,11
backtest_2,3,pro_rata,116323.08988209131,113757.9402978832,115897.0,0.9815434420035306,374739.691343464,2139.059702116821,8344.841264919225,107368.8788372889,4284.758471418151,6849.9080556263025,0.8084141364146893,14
backtest_2,4,lp_scenario,113861.87784342615,117610.57377139549,126268.0,0.9314361023489363,388796.00337650976,8657.426228604516,23278.537797969966,111190.67956646267,6946.42111028963,3197.7251823202914,0.7721853885962978,16
backtest_2,4,pro_rata,113861.87784342615,118801.98610046343,126268.0,0.9408716864166965,390529.97484710265,7466.013899536564,21544.566327377066,111462.94631356727,6849.9080556263025,1909.7997985890188,0.7813155937317112,19
backtest_3,1,lp_scenario,116808.99327009599,124404.89074058794,126424.0,0.9840290667957662,414508.0783747511,2019.1092594120382,6836.941630343526,119084.3102529072,15440.249712182878,7844.35224169092,0.8739743137358426,8
backtest_3,1,pro_rata,116808.99327009599,124284.91718288668,126424.0,0.9830800890882007,413361.07832728355,2139.082817113318,7983.941677811163,118630.08218222983,15440.249712182878,7964.32579939218,0.8491432579014495,10
backtest_3,2,lp_scenario,120721.07735119549,125698.34945606446,130943.0,0.9599470720547449,416864.3937474462,5244.65054393555,15372.46163729882,119062.97217634728,7844.35224169092,2867.080136821942,0.867017401520236,16
backtest_3,2,pro_rata,120721.07735119549,126252.46337401711,130943.0,0.964178790573128,415797.31646465004,4690.536625982892,16439.53892009492,118470.35497242183,7964.32579939218,2432.939776570558,0.8545497140375743,15
backtest_3,3,lp_scenario,116010.65716440251,116273.38098677642,122216.0,0.9513760963112556,388099.4057284183,5942.619013223579,16274.900868950266,111551.23296687962,2867.080136821942,2604.356314448032,0.8219233858567144,11
backtest_3,3,pro_rata,116010.65716440251,117127.92517890937,122216.0,0.958368177480112,387169.19878557185,5088.0748210906295,17205.107811796828,110827.91443120336,2432.939776570558,1315.671762063674,0.8110062680077071,20
backtest_3,4,lp_scenario,115217.63695488639,116618.75215150391,124588.0,0.93603518919562,389759.0115290243,7969.247848496078,23236.262764981057,112293.1008521054,2604.356314448032,1203.2411178305108,0.7903423918915845,17
backtest_3,4,pro_rata,115217.63695488639,115370.85477988484,124588.0,0.9260189968527053,380849.22131243325,9217.14522011516,32146.052981572124,109006.15746428433,1315.671762063674,1162.4539370651949,0.7905437975916074,22
holdout,1,lp_scenario,116883.79415542328,124327.36591175119,125232.0,0.9927763344173309,411338.8863286077,904.634088248836,2421.514586494992,117789.99619552738,15324.494730945053,7880.922974617171,0.6148681951018284,9
holdout,1,pro_rata,116883.79415542328,124124.34956232792,125232.0,0.9911552124243637,410254.756518273,1107.6504376720895,3505.644396829665,117456.59538865961,15324.494730945053,8083.939324040433,0.6171227196328678,9
holdout,2,lp_scenario,119683.7169267092,125246.89461312252,131127.0,0.9551571729172674,415938.99484076304,5880.10538687749,16896.78265858842,119225.37043890257,7880.922974617171,2317.7452882038633,0.6339982193775842,17
holdout,2,pro_rata,119683.7169267092,125179.79607573712,131127.0,0.9546454664236741,413679.21900470037,5947.203924262884,19156.558494651013,118226.79313104606,8083.939324040433,2587.860175012502,0.6324794361200913,22
holdout,3,lp_scenario,118845.77500601343,120222.87670432685,133788.0,0.898607324306566,402338.7798523014,13565.123295673146,40449.739453626054,115688.06964159747,2317.7452882038633,940.6435898904588,0.7042416982923237,25
holdout,3,pro_rata,118845.77500601343,121368.12809128493,133788.0,0.9071675194433352,400651.5927138775,12419.871908715064,42136.92659205003,114412.5210835498,2587.860175012502,65.5070897409496,0.6879246254673573,27
holdout,4,lp_scenario,117705.66670890266,116821.80931603198,131023.0,0.8916129940241941,390682.94327847083,14201.190683968007,41727.73640270809,112423.96028775137,940.6435898904588,1824.5009827611461,0.6342596337014414,23
holdout,4,pro_rata,117705.66670890266,117517.75910383304,131023.0,0.8969246552424616,387765.9994898607,13505.240896166959,44644.68019131817,110834.17598109727,65.5070897409496,253.4146948105972,0.6070081844507774,27
