node_id,forecast,unit_value,margin_value,dept_id,store_id,allocated_quantity,expected_fill_rate,stockout_risk,on_hand,net_need,pro_rata_quantity,on_hand_source,supply,week_start,safety_stock,order_up_to
department:dept_id=FOODS_1|store_id=CA_1,2474.3626635631203,2.5706258537474125,0.6426564634368531,FOODS_1,CA_1,510.11717048547416,0.9967935832054333,0.04,2286.959716796875,530.9514834432425,477.8563350989183,twin replay of the holdout window,23102.12964670876,2016-05-23,343.5485366769972,2817.9112002401175
department:dept_id=FOODS_1|store_id=CA_2,3494.571852645917,2.810691295629543,0.7026728239073857,FOODS_1,CA_2,1752.7412367293346,0.9964863125236383,0.04,2240.512451171875,1784.9359547133258,1606.4423592419932,twin replay of the holdout window,23102.12964670876,2016-05-23,530.8765532392839,4025.448405885201
department:dept_id=FOODS_1|store_id=CA_3,3308.995259342875,2.7467465152255968,0.6866866288063992,FOODS_1,CA_3,1070.6470454053892,0.9968083994662149,0.04,2667.95556640625,1098.3823398933073,988.5441059039766,twin replay of the holdout window,23102.12964670876,2016-05-23,457.34264695668196,3766.3379062995573
department:dept_id=FOODS_1|store_id=CA_4,1828.7381051694792,2.633695971408827,0.6584239928522068,FOODS_1,CA_4,757.4851022521343,0.9967336190081979,0.04,1314.1502685546875,773.166461414281,695.8498152728529,twin replay of the holdout window,23102.12964670876,2016-05-23,258.5786247994895,2087.3167299689685
department:dept_id=FOODS_2|store_id=CA_1,3818.3139829025336,3.6199698289582054,0.9049924572395514,FOODS_2,CA_1,477.71255717156873,0.9964233752308977,0.04,3895.067138671875,513.5086620182328,462.15779581640953,twin replay of the holdout window,23102.12964670876,2016-05-23,590.2618177875743,4408.575800690108
department:dept_id=FOODS_2|store_id=CA_2,3656.3213763931963,3.465275390492752,0.866318847623188,FOODS_2,CA_2,1244.6031790223524,0.9963603354392951,0.04,2951.848388671875,1279.4737878037486,1151.5264090233736,twin replay of the holdout window,23102.12964670876,2016-05-23,575.0008000824271,4231.322176475624
department:dept_id=FOODS_2|store_id=CA_3,4722.400390705403,3.7187470258530038,0.9296867564632509,FOODS_2,CA_3,558.049257339414,0.9962886957004624,0.04,4875.4443359375,603.9571759733517,543.5614583760166,twin replay of the holdout window,23102.12964670876,2016-05-23,757.0011212054488,5479.401511910852
department:dept_id=FOODS_2|store_id=CA_4,2640.934648882775,3.5647154706617745,0.8911788676654436,FOODS_2,CA_4,615.348288237742,0.9963710714184401,0.04,2414.588623046875,640.462132873271,576.4159195859439,twin replay of the holdout window,23102.12964670876,2016-05-23,414.1161070373711,3055.050755920146
department:dept_id=FOODS_3|store_id=CA_1,16667.37093371982,2.545081438356303,0.6362703595890757,FOODS_3,CA_1,4067.189241691154,0.9931801432041837,0.08,14251.5517578125,4906.975404909557,4416.277864418601,twin replay of the holdout window,23102.12964670876,2016-05-23,2491.156229002236,19158.527162722057
department:dept_id=FOODS_3|store_id=CA_2,14419.893925851684,2.568804344372957,0.6422010860932392,FOODS_3,CA_2,5820.7734186624875,0.9951606444425359,0.08,10422.87109375,6188.227856336511,5569.40507070286,twin replay of the holdout window,23102.12964670876,2016-05-23,2191.2050242348287,16611.09895008651
department:dept_id=FOODS_3|store_id=CA_3,20276.36627531451,2.518477254891566,0.6296193137228915,FOODS_3,CA_3,3211.5762835916103,0.9930281998378769,0.08,19117.69921875,4255.560790106472,3830.004711095825,twin replay of the holdout window,23102.12964670876,2016-05-23,3096.8937335419614,23373.260008856472
department:dept_id=FOODS_3|store_id=CA_4,8704.260564260712,2.6280913234732766,0.6570228308683191,FOODS_3,CA_4,3015.886866120096,0.9966042752340913,0.04,6889.49609375,3093.4308913022105,2784.0878021719896,twin replay of the holdout window,23102.12964670876,2016-05-23,1278.6664207914982,9982.92698505221
department:dept_id=HOBBIES_1|store_id=CA_1,3581.6986889521445,4.572499605208758,1.8289998420835034,HOBBIES_1,CA_1,0.0,1.0,0.0,6199.42919921875,0.0,0.0,twin replay of the holdout window,23102.12964670876,2016-05-23,547.3280083869043,4129.026697339049
department:dept_id=HOBBIES_1|store_id=CA_2,2889.7655978268185,3.974509257635721,1.5898037030542884,HOBBIES_1,CA_2,0.0,1.0,0.0,4301.04345703125,0.0,0.0,twin replay of the holdout window,23102.12964670876,2016-05-23,421.8246773615823,3311.590275188401
department:dept_id=HOBBIES_1|store_id=CA_3,3736.201045508122,4.576931386702792,1.8307725546811167,HOBBIES_1,CA_3,0.0,1.0,0.0,6449.95263671875,0.0,0.0,twin replay of the holdout window,23102.12964670876,2016-05-23,568.0923598425011,4304.293405350623
department:dept_id=HOBBIES_1|store_id=CA_4,2637.941880524518,3.865856865360439,1.5463427461441757,HOBBIES_1,CA_4,0.0,1.0,0.0,4236.15283203125,0.0,0.0,twin replay of the holdout window,23102.12964670876,2016-05-23,397.11822158828767,3035.060102112806
department:dept_id=HOBBIES_2|store_id=CA_1,343.0093316417335,2.0527239116715292,0.8210895646686117,HOBBIES_2,CA_1,0.0,1.0,0.0,565.9219360351562,0.0,0.0,twin replay of the holdout window,23102.12964670876,2016-05-23,47.07106739746178,390.0803990391953
department:dept_id=HOBBIES_2|store_id=CA_2,326.73277228243853,2.134527533699427,0.853811013479771,HOBBIES_2,CA_2,0.0,1.0,0.0,502.76177978515625,0.0,0.0,twin replay of the holdout window,23102.12964670876,2016-05-23,50.52528751742477,377.2580597998633
department:dept_id=HOBBIES_2|store_id=CA_3,469.17047240054217,1.9851515183197053,0.7940606073278822,HOBBIES_2,CA_3,0.0,1.0,0.0,676.6525268554688,0.0,0.0,twin replay of the holdout window,23102.12964670876,2016-05-23,70.15774763427657,539.3282200348187
department:dept_id=HOBBIES_2|store_id=CA_4,152.70182552487304,2.30958880988979,0.9238355239559161,HOBBIES_2,CA_4,0.0,1.0,0.0,281.6337890625,0.0,0.0,twin replay of the holdout window,23102.12964670876,2016-05-23,20.393559465318226,173.09538499019126
department:dept_id=HOUSEHOLD_1|store_id=CA_1,5559.292306825502,4.065018150422,1.2195054451266,HOUSEHOLD_1,CA_1,0.0,1.0,0.0,9686.875,0.0,0.0,twin replay of the holdout window,23102.12964670876,2016-05-23,843.6688700910739,6402.961176916576
department:dept_id=HOUSEHOLD_1|store_id=CA_2,5845.608159756634,4.259037491194621,1.2777112473583863,HOUSEHOLD_1,CA_2,0.0,1.0,0.0,9235.205078125,0.0,0.0,twin replay of the holdout window,23102.12964670876,2016-05-23,907.4255770510688,6753.0337368077035
department:dept_id=HOUSEHOLD_1|store_id=CA_3,9842.430551915077,4.259307405358324,1.2777922216074973,HOUSEHOLD_1,CA_3,0.0,1.0,0.0,16418.02734375,0.0,0.0,twin replay of the holdout window,23102.12964670876,2016-05-23,1546.9636988098666,11389.394250724943
department:dept_id=HOUSEHOLD_1|store_id=CA_4,2962.753950882654,4.189506543706264,1.256851963111879,HOUSEHOLD_1,CA_4,0.0,1.0,0.0,5082.11962890625,0.0,0.0,twin replay of the holdout window,23102.12964670876,2016-05-23,451.6051287913197,3414.3590796739736
department:dept_id=HOUSEHOLD_2|store_id=CA_1,1628.4244909694248,5.008867731623736,1.5026603194871209,HOUSEHOLD_2,CA_1,0.0,1.0,0.0,3383.13623046875,0.0,0.0,twin replay of the holdout window,23102.12964670876,2016-05-23,249.73816313653336,1878.1626541059582
department:dept_id=HOUSEHOLD_2|store_id=CA_2,2263.493590333528,5.2180829110011215,1.5654248733003364,HOUSEHOLD_2,CA_2,0.0,1.0,0.0,4101.21044921875,0.0,0.0,twin replay of the holdout window,23102.12964670876,2016-05-23,357.15074810984584,2620.644338443374
department:dept_id=HOUSEHOLD_2|store_id=CA_3,2496.853400874392,5.098350063487729,1.5295050190463186,HOUSEHOLD_2,CA_3,0.0,1.0,0.0,4191.4599609375,0.0,0.0,twin replay of the holdout window,23102.12964670876,2016-05-23,379.4372982623754,2876.290699136767
department:dept_id=HOUSEHOLD_2|store_id=CA_4,1065.0051777423862,4.911636887343375,1.4734910662030125,HOUSEHOLD_2,CA_4,0.0,1.0,0.0,2136.994140625,0.0,0.0,twin replay of the holdout window,23102.12964670876,2016-05-23,166.75881878578397,1231.76399652817
