fold,level,nominal,coverage,mean_width
backtest_2,department,0.8,0.7091836734693877,153.22516894824642
backtest_2,department,0.95,0.9183673469387755,260.4041230078934
backtest_2,category,0.8,0.7023809523809523,301.21118895852106
backtest_2,category,0.95,0.8660714285714286,435.88586847298575
backtest_2,store,0.8,0.625,696.4112672819982
backtest_2,store,0.95,0.9196428571428571,1202.5067901110726
backtest_2,state,0.8,0.5,2383.3029909190404
backtest_2,state,0.95,0.8571428571428571,3405.046337158896
backtest_2,total,0.8,0.5,2383.3029909190404
backtest_2,total,0.95,0.8571428571428571,3405.046337158896
backtest_2,item,0.8,0.7679567071170875,3.0695050676981745
backtest_2,item,0.95,0.932322658482875,5.36266884492694
backtest_3,department,0.8,0.7933673469387755,176.98118921916515
backtest_3,department,0.95,0.9630102040816326,318.9337975910793
backtest_3,category,0.8,0.7976190476190477,339.50778883762325
backtest_3,category,0.95,0.9494047619047619,556.960330575993
backtest_3,store,0.8,0.7946428571428571,813.5132299736226
backtest_3,store,0.95,0.9464285714285714,1286.649935589428
backtest_3,state,0.8,0.8928571428571429,2624.9731729428286
backtest_3,state,0.95,1.0,5160.357552320513
backtest_3,total,0.8,0.8928571428571429,2624.9731729428286
backtest_3,total,0.95,1.0,5160.357552320513
backtest_3,item,0.8,0.7900365459401208,3.127234629427583
backtest_3,item,0.95,0.9443670055755986,5.430945917384693
holdout,department,0.8,0.7321428571428571,170.60892484944182
holdout,department,0.95,0.9043367346938775,280.8802324273959
holdout,category,0.8,0.7619047619047619,324.2137310323443
holdout,category,0.95,0.9553571428571429,536.4634020918945
holdout,store,0.8,0.7053571428571429,724.9009247849938
holdout,store,0.95,0.9107142857142857,1214.2244221472247
holdout,state,0.8,0.75,1798.839725801874
holdout,state,0.95,0.9642857142857143,3223.6557070677363
holdout,total,0.8,0.75,1798.839725801874
holdout,total,0.95,0.9642857142857143,3223.6557070677363
holdout,item,0.8,0.7940191163379093,3.1515857728346135
holdout,item,0.95,0.9475823454996954,5.416951334978647
