fold,model,approach,level,wmape,mape,pinball_loss,bias,wrmsse
backtest_1,naive,bottom_up,department,0.36551222541841005,0.4658339816451049,114.09948979591837,0.34464892782426776,1.8335380904569003
backtest_1,naive,bottom_up,category,0.353683152458159,0.44700317127031314,257.61607142857144,0.34464892782426776,1.8965160428533507
backtest_1,naive,bottom_up,store,0.34779108917364016,0.396052385891625,759.9732142857143,0.34464892782426776,2.0187837575647296
backtest_1,naive,bottom_up,state,0.34464892782426776,0.37681578391798226,3012.4285714285716,0.34464892782426776,2.1235602809584537
backtest_1,naive,bottom_up,total,0.34464892782426776,0.37681578391798226,3012.4285714285716,0.34464892782426776,2.1235602809584537
backtest_1,naive,bottom_up,item,1.0685391605648535,1.003213222632169,0.76579557700417,0.34464892782426776,1.2344983754089802
backtest_1,seasonal_naive,bottom_up,department,0.13286970449790794,0.1935057696449583,41.47704081632653,-0.035033668933054395,0.7613914376972412
backtest_1,seasonal_naive,bottom_up,category,0.11055177824267783,0.12992350663039495,80.52380952380952,-0.035033668933054395,0.6896719616619663
backtest_1,seasonal_naive,bottom_up,store,0.08915320998953975,0.08975304035948255,194.8125,-0.035033668933054395,0.6178618253703485
backtest_1,seasonal_naive,bottom_up,state,0.07895855125523013,0.07973481491792597,690.1428571428571,-0.035033668933054395,0.5862500278375748
backtest_1,seasonal_naive,bottom_up,total,0.07895855125523013,0.07973481491792597,690.1428571428571,-0.035033668933054395,0.5862500278375748
backtest_1,seasonal_naive,bottom_up,item,0.8847288506799164,0.8449884488082253,0.6340632760155555,-0.035033668933054395,1.08326799753747
backtest_1,lgbm_global,bottom_up,department,0.09962343805755783,0.15836951495798338,31.09877772506948,0.016851781259231386,0.5533632571691827
backtest_1,lgbm_global,bottom_up,category,0.08401389909040509,0.10072741453221584,61.19412383270649,0.016851781259231355,0.504547895058291
backtest_1,lgbm_global,bottom_up,store,0.07242134541830357,0.0734170813260565,158.25098564548165,0.016851781259231445,0.4632454918032656
backtest_1,lgbm_global,bottom_up,state,0.048014182434440736,0.04974444051218444,419.6713911526889,0.016851781259230997,0.3388490232966897
backtest_1,lgbm_global,bottom_up,total,0.048014182434440736,0.04974444051218444,419.6713911526889,0.016851781259230997,0.3388490232966897
backtest_1,lgbm_global,bottom_up,item,0.762974425873277,0.5858811194726875,0.546804892384278,0.016851781259231337,0.8281916736993106
backtest_1,lgbm_local,bottom_up,department,0.1133860404704116,0.16072447821211486,35.394956633375834,0.005286971816359766,0.6045987399377021
backtest_1,lgbm_local,bottom_up,category,0.09836985005700621,0.10578556807183492,71.65072507009367,0.005286971816359648,0.5693939692725277
backtest_1,lgbm_local,bottom_up,store,0.08747307681839096,0.08808650193858224,191.14116900201546,0.005286971816359605,0.538856578211206
backtest_1,lgbm_local,bottom_up,state,0.046702809402465024,0.047445302089340606,408.20924149720287,0.005286971816359482,0.3267893517632726
backtest_1,lgbm_local,bottom_up,total,0.046702809402465024,0.047445302089340606,408.20924149720287,0.005286971816359482,0.3267893517632726
backtest_1,lgbm_local,bottom_up,item,0.7697135397264634,0.5869610302730319,0.5516346485337573,0.005286971816359733,0.8329857506927069
backtest_1,sarima,direct,department,0.10774807590455009,0.16156746539955186,33.63499120481629,-0.02205272042169013,0.6088209654381513
backtest_1,sarima,direct,category,0.08752817792980905,0.09988639799722526,63.753857600683766,-0.026923902024448585,0.543164332924575
backtest_1,sarima,direct,store,0.07195657815708417,0.07208774616604506,157.2354027843942,-0.026342850555316346,0.48961631254489724
backtest_1,sarima,direct,state,0.06512429031292459,0.06515979923085843,569.2235112151398,-0.021191711312231003,0.4472077176366866
backtest_1,sarima,direct,total,0.06512429031292459,0.06515979923085843,569.2235112151398,-0.021191711312231003,0.4472077176366866
backtest_1,prophet,direct,store,0.06298817124561519,0.06127690468447238,137.63815248184713,-0.032864675071500385,0.46784432255212416
backtest_1,prophet,direct,state,0.05233863937599064,0.04857029700698615,457.46961594008735,-0.03325115800781283,0.39476233359143703
backtest_1,prophet,direct,total,0.05233863937599064,0.04857029700698615,457.46961594008735,-0.03325115800781283,0.39476233359143703
backtest_2,naive,bottom_up,department,0.3464992475849905,0.515674946762524,109.25510204081633,0.3114593614990049,1.7981391816171977
backtest_2,naive,bottom_up,category,0.33577531107910874,0.40884498882193315,247.03869047619048,0.3114593614990049,1.853679259982441
backtest_2,naive,bottom_up,store,0.32561770845131954,0.3726676218734569,718.6964285714286,0.3114593614990049,1.9563592503206728
backtest_2,naive,bottom_up,state,0.3223693791362599,0.35205184924833144,2846.1071428571427,0.3114593614990049,2.058049642980173
backtest_2,naive,bottom_up,total,0.3223693791362599,0.35205184924833144,2846.1071428571427,0.3114593614990049,2.058049642980173
backtest_2,naive,bottom_up,item,1.0742504166599245,1.0066459486997994,0.7776525090193506,0.3114593614990049,1.2187478664095814
backtest_2,seasonal_naive,bottom_up,department,0.11734842478277051,0.274135673269259,37.00127551020408,-0.02595427258458601,0.7645362480053898
backtest_2,seasonal_naive,bottom_up,category,0.09822656591317293,0.1228663692786755,72.26785714285714,-0.02595427258458601,0.7044832548345659
backtest_2,seasonal_naive,bottom_up,store,0.07707399556641478,0.09157081907144447,170.11607142857142,-0.02595427258458601,0.6288167811058442
backtest_2,seasonal_naive,bottom_up,state,0.06698516205239398,0.06536125387372459,591.3928571428571,-0.02595427258458601,0.480847672485609
backtest_2,seasonal_naive,bottom_up,total,0.06698516205239398,0.06536125387372459,591.3928571428571,-0.02595427258458601,0.480847672485609
backtest_2,seasonal_naive,bottom_up,item,0.8934968689827025,0.849457666919789,0.6468045729278921,-0.02595427258458601,1.0936997469127165
backtest_2,lgbm_global,bottom_up,department,0.1203645734986889,0.26063485823051824,37.952301055063636,0.06955534274733582,0.7167245897580194
backtest_2,lgbm_global,bottom_up,category,0.1088703443737933,0.13659598833141606,80.0987637219619,0.06955534274733588,0.7015893410976797
backtest_2,lgbm_global,bottom_up,store,0.09565219981343782,0.10419137741251405,211.12148573822398,0.06955534274733574,0.682766770902612
backtest_2,lgbm_global,bottom_up,state,0.08369978362454408,0.0858140907032218,738.961475397207,0.06955534274733666,0.5590157440057267
backtest_2,lgbm_global,bottom_up,total,0.08369978362454408,0.0858140907032218,738.961475397207,0.06955534274733666,0.5590157440057267
backtest_2,lgbm_global,bottom_up,item,0.7838341355988665,0.5970601600514461,0.5674194515080536,0.06955534274733582,0.8398308444304479
backtest_2,lgbm_local,bottom_up,department,0.12320237813913378,0.25171033107814056,38.847092711105134,0.051683431741229635,0.7137260841489166
backtest_2,lgbm_local,bottom_up,category,0.11131648075175676,0.13103218724998797,81.89845032070619,0.05168343174122962,0.6931839274878175
backtest_2,lgbm_local,bottom_up,store,0.09598835091683734,0.10090133151807404,211.86343125040943,0.05168343174122944,0.6627696691911167
backtest_2,lgbm_local,bottom_up,state,0.07302165185184202,0.07359865287785275,644.6873008708127,0.05168343174123006,0.4927549440244709
backtest_2,lgbm_local,bottom_up,total,0.07302165185184202,0.07359865287785275,644.6873008708127,0.05168343174123006,0.4927549440244709
backtest_2,lgbm_local,bottom_up,item,0.7789873941351035,0.5971954595525651,0.5639108834857275,0.051683431741229614,0.8382604927588346
backtest_2,sarima,direct,department,0.09986876100588694,0.23929631517059088,31.489741321044995,0.007786567947018066,0.65647374512118
backtest_2,sarima,direct,category,0.08259703568774038,0.10619015926311719,60.76880241116718,0.000309325854556771,0.6110091563244091
backtest_2,sarima,direct,store,0.06566014995559344,0.07586946544082925,144.9236759787725,-0.0002922931706506086,0.5565475323939668
backtest_2,sarima,direct,state,0.05058025948823041,0.04895553111273084,446.55865951887534,0.016293274756022588,0.4264435744809704
backtest_2,sarima,direct,total,0.05058025948823041,0.04895553111273084,446.55865951887534,0.016293274756022588,0.4264435744809704
backtest_2,prophet,direct,store,0.07389013588170225,0.07867314226053604,163.0887245580386,-0.010579135245990771,0.5726814157358662
backtest_2,prophet,direct,state,0.0590411796926133,0.05622111123612062,521.2577065975992,-0.012035671393916363,0.4489676706016181
backtest_2,prophet,direct,total,0.0590411796926133,0.05622111123612062,521.2577065975992,-0.012035671393916363,0.4489676706016181
backtest_3,naive,bottom_up,department,0.295056637529727,0.3107646229840029,94.87181122448979,0.18270983456009965,1.5396455841966303
backtest_3,naive,bottom_up,category,0.2687044673335039,0.28236340015626354,201.5967261904762,0.18270983456009965,1.5099816260694419
backtest_3,naive,bottom_up,store,0.24957603670183331,0.26095015919648185,561.7366071428571,0.18270983456009965,1.5026110168360076
backtest_3,naive,bottom_up,state,0.2346882307788429,0.2588448025354336,2112.910714285714,0.18270983456009965,1.5223216785711067
backtest_3,naive,bottom_up,total,0.2346882307788429,0.2588448025354336,2112.910714285714,0.18270983456009965,1.5223216785711067
backtest_3,naive,bottom_up,item,1.0020667590956243,0.9257760656030934,0.739722918521295,0.18270983456009965,1.1878266168046836
backtest_3,seasonal_naive,bottom_up,department,0.12971194297172983,0.18357435294531943,41.70727040816327,0.0017870920778862726,0.7835357821740494
backtest_3,seasonal_naive,bottom_up,category,0.10129301367988242,0.10883659041126512,75.99553571428571,0.0017870920778862726,0.6726479067301486
backtest_3,seasonal_naive,bottom_up,store,0.0751947255990527,0.0734448788600146,169.24553571428572,0.0017870920778862726,0.5565889507885724
backtest_3,seasonal_naive,bottom_up,state,0.0625204543696484,0.05852421441835763,562.875,0.0017870920778862726,0.4767215846942727
backtest_3,seasonal_naive,bottom_up,total,0.0625204543696484,0.05852421441835763,562.875,0.0017870920778862726,0.4767215846942727
backtest_3,seasonal_naive,bottom_up,item,0.8970349345757689,0.8472168957282656,0.6621887152696434,0.0017870920778862726,1.1012771469225946
backtest_3,lgbm_global,bottom_up,department,0.1054296773011641,0.1649980410304739,33.899608312885974,0.06301471510348701,0.5880832418891297
backtest_3,lgbm_global,bottom_up,category,0.09334595360300182,0.11094176690979574,70.03321841365927,0.06301471510348702,0.562716025949094
backtest_3,lgbm_global,bottom_up,store,0.08317856928572015,0.07983728909335097,187.2152788185304,0.06301471510348701,0.5346920649105534
backtest_3,lgbm_global,bottom_up,state,0.06301471510348826,0.06630416731814533,567.3248558650139,0.06301471510348826,0.4094028346220396
backtest_3,lgbm_global,bottom_up,total,0.06301471510348826,0.06630416731814533,567.3248558650139,0.06301471510348826,0.4094028346220396
backtest_3,lgbm_global,bottom_up,item,0.7612760446670805,0.5857372168676012,0.5619718770730547,0.06301471510348701,0.8212247477683956
backtest_3,lgbm_local,bottom_up,department,0.10938489174448864,0.15971399768451228,35.171358581448075,0.04518273538693099,0.5972342075787654
backtest_3,lgbm_local,bottom_up,category,0.09859985114514662,0.10910341161589845,73.97497849955315,0.04518273538693109,0.5746994539628407
backtest_3,lgbm_local,bottom_up,store,0.08849115926250413,0.08319046337675336,199.17266185953557,0.04518273538693103,0.5450875671948094
backtest_3,lgbm_local,bottom_up,state,0.04675714759466468,0.04980029385366974,420.95710464195867,0.04518273538693098,0.32649522712853474
backtest_3,lgbm_local,bottom_up,total,0.04675714759466468,0.04980029385366974,420.95710464195867,0.04518273538693098,0.32649522712853474
backtest_3,lgbm_local,bottom_up,item,0.7599194583148499,0.5886341279618413,0.5609704487684137,0.04518273538693102,0.8248104505415175
backtest_3,sarima,direct,department,0.09722928745096929,0.14369087221690235,31.262874415460864,-0.0019385478281003536,0.5722122197756683
backtest_3,sarima,direct,category,0.07479013096899909,0.08635727529704845,56.11162964400482,-0.00920671655098078,0.49009207485816325
backtest_3,sarima,direct,store,0.06229467378025834,0.05895091941616774,140.21057131458315,-0.014127738730691146,0.41841683773833777
backtest_3,sarima,direct,state,0.046240960393579986,0.04478934191241012,416.30984361770743,-0.005974044813459624,0.3456101522989966
backtest_3,sarima,direct,total,0.046240960393579986,0.04478934191241012,416.30984361770743,-0.005974044813459624,0.3456101522989966
backtest_3,prophet,direct,store,0.060709668036325375,0.05915084939189678,136.64309840867054,-0.006830093436240258,0.414550037879562
backtest_3,prophet,direct,state,0.04842203817216201,0.04761274318757914,435.9462037017338,-0.005480339109827836,0.34802437949633674
backtest_3,prophet,direct,total,0.04842203817216201,0.04761274318757914,435.9462037017338,-0.005480339109827836,0.34802437949633674
holdout,naive,bottom_up,department,0.2900013431317996,0.3306196280695311,96.39030612244898,0.24572788149740007,1.6138521905514671
holdout,naive,bottom_up,category,0.27420995068787535,0.3159394224578774,212.66369047619048,0.24572788149740007,1.6329203296874517
holdout,naive,bottom_up,store,0.26833854596388895,0.2910701725183856,624.3303571428571,0.24572788149740007,1.6935629100988026
holdout,naive,bottom_up,state,0.25906709902718883,0.28823990894071183,2411.035714285714,0.24572788149740007,1.7888418890386075
holdout,naive,bottom_up,total,0.25906709902718883,0.28823990894071183,2411.035714285714,0.24572788149740007,1.7888418890386075
holdout,naive,bottom_up,item,1.0019110846748662,0.9486950691638745,0.7645451670336879,0.24572788149740007,1.1601494404184192
holdout,seasonal_naive,bottom_up,department,0.10334056066158835,0.1458881779862417,34.348214285714285,-0.043782259147686936,0.6141770338466378
holdout,seasonal_naive,bottom_up,category,0.08347372258572058,0.0985153683601396,64.73809523809524,-0.043782259147686936,0.5461034739201349
holdout,seasonal_naive,bottom_up,store,0.0689448740334248,0.06670669323657506,160.41071428571428,-0.043782259147686936,0.482402789066855
holdout,seasonal_naive,bottom_up,state,0.06032580539938984,0.06011751760412128,561.4285714285714,-0.043782259147686936,0.4333434406070789
holdout,seasonal_naive,bottom_up,total,0.06032580539938984,0.06011751760412128,561.4285714285714,-0.043782259147686936,0.4333434406070789
holdout,seasonal_naive,bottom_up,item,0.8749851296122186,0.8401074010789522,0.6676896406315889,-0.043782259147686936,1.05363935249353
holdout,lgbm_global,bottom_up,department,0.09912553964148646,0.12043688095163485,32.94723054525095,0.03188548123582323,0.5860867980658803
holdout,lgbm_global,bottom_up,category,0.08174288259186567,0.09127723462721643,63.39574125059915,0.03188548123582322,0.5178336760224902
holdout,lgbm_global,bottom_up,store,0.07009996737193638,0.06506610428881288,163.09821426442895,0.031885481235823306,0.48460301655479193
holdout,lgbm_global,bottom_up,state,0.036872175615357536,0.03954420803603451,343.1548529545694,0.03188548123582431,0.278612937233537
holdout,lgbm_global,bottom_up,total,0.036872175615357536,0.03954420803603451,343.1548529545694,0.03188548123582431,0.278612937233537
holdout,lgbm_global,bottom_up,item,0.7497548109769125,0.5934162460910375,0.5721280320784881,0.03188548123582329,0.8101005205786858
holdout,lgbm_local,bottom_up,department,0.1102854073992025,0.128021429120688,36.65653429479743,0.0030155385546030014,0.6248457550227302
holdout,lgbm_local,bottom_up,category,0.09475920798979953,0.09729906101243686,73.4905601607795,0.003015538554602901,0.5676272873409945
holdout,lgbm_local,bottom_up,store,0.08520237083116164,0.08115588663014209,198.236248241413,0.0030155385546028505,0.5444514364194727
holdout,lgbm_local,bottom_up,state,0.03207648483478571,0.03275868349964465,298.5232428811655,0.003015538554603524,0.23207134803286014
holdout,lgbm_local,bottom_up,total,0.03207648483478571,0.03275868349964465,298.5232428811655,0.003015538554603524,0.23207134803286014
holdout,lgbm_local,bottom_up,item,0.7437495130306578,0.5928323745495793,0.5675454682246345,0.003015538554602979,0.8098194979338595
holdout,sarima,direct,department,0.08601835454414823,0.12069599739491133,28.590679743478148,-0.02605857535040537,0.5305249357697226
holdout,sarima,direct,category,0.06900270713076276,0.07966374828191505,53.51509058830301,-0.02790588038906966,0.46627891207390004
holdout,sarima,direct,store,0.05781713501924524,0.055729792826454926,134.5203404374109,-0.026826299797658975,0.4243886916296198
holdout,sarima,direct,state,0.04623869797869675,0.045637828188588365,430.32539688495336,-0.02493557840254941,0.36163010975843674
holdout,sarima,direct,total,0.04623869797869675,0.045637828188588365,430.32539688495336,-0.02493557840254941,0.36163010975843674
holdout,prophet,direct,store,0.07123442534617118,0.06930925655156742,165.73770293600015,-0.05323784849420327,0.5027726156460117
holdout,prophet,direct,state,0.06283858796480085,0.0596782970850236,584.8140516002725,-0.05212562295738368,0.4476335915571964
holdout,prophet,direct,total,0.06283858796480085,0.0596782970850236,584.8140516002725,-0.05212562295738368,0.4476335915571964
