fold,method,bottom_model,oos_weights,level,wmape,mape,pinball_loss,bias,wrmsse
backtest_1,base,lgbm_global,False,department,0.10774807590455009,0.16156746539955186,33.63499120481629,-0.02205272042169013,0.6088209654381513
backtest_1,base,lgbm_global,False,category,0.08752817792980905,0.09988639799722526,63.753857600683766,-0.026923902024448585,0.543164332924575
backtest_1,base,lgbm_global,False,store,0.07195657815708417,0.07208774616604506,157.2354027843942,-0.026342850555316346,0.48961631254489724
backtest_1,base,lgbm_global,False,state,0.06512429031292459,0.06515979923085843,569.2235112151398,-0.021191711312231003,0.4472077176366866
backtest_1,base,lgbm_global,False,total,0.06512429031292459,0.06515979923085843,569.2235112151398,-0.021191711312231003,0.4472077176366866
backtest_1,base,lgbm_global,False,item,0.762974425873277,0.5858811194726875,0.546804892384278,0.016851781259231337,0.8281916736993106
backtest_1,bottom_up,lgbm_global,False,department,0.09962343805755783,0.15836951495798338,31.09877772506948,0.016851781259231386,0.5533632571691827
backtest_1,bottom_up,lgbm_global,False,category,0.08401389909040509,0.10072741453221584,61.19412383270649,0.016851781259231355,0.504547895058291
backtest_1,bottom_up,lgbm_global,False,store,0.07242134541830357,0.0734170813260565,158.25098564548165,0.016851781259231445,0.4632454918032656
backtest_1,bottom_up,lgbm_global,False,state,0.048014182434440736,0.04974444051218444,419.6713911526889,0.016851781259230997,0.3388490232966897
backtest_1,bottom_up,lgbm_global,False,total,0.048014182434440736,0.04974444051218444,419.6713911526889,0.016851781259230997,0.3388490232966897
backtest_1,bottom_up,lgbm_global,False,item,0.762974425873277,0.5858811194726875,0.546804892384278,0.016851781259231337,0.8281916736993106
backtest_1,top_down,lgbm_global,False,department,0.11836771915402179,0.18930263353096957,36.950053717957495,-0.021191711312230983,0.6651864098674394
backtest_1,top_down,lgbm_global,False,category,0.0997598044599556,0.12100505549945051,72.66314138188004,-0.021191711312231083,0.6044605427601434
backtest_1,top_down,lgbm_global,False,store,0.08473745738897799,0.08564066432583022,185.16344974597249,-0.021191711312231184,0.5507527131163319
backtest_1,top_down,lgbm_global,False,state,0.06512429031292442,0.06515979923085823,569.2235112151383,-0.021191711312230865,0.44720771763668754
backtest_1,top_down,lgbm_global,False,total,0.06512429031292442,0.06515979923085823,569.2235112151383,-0.021191711312230865,0.44720771763668754
backtest_1,top_down,lgbm_global,False,item,0.774639289130739,0.589542129878322,0.5551648112516414,-0.021191711312231003,0.8558551358920834
backtest_1,mint_diagonal,lgbm_global,False,department,0.0938173573520965,0.15322656324134784,29.286332613421795,0.006278333275175621,0.5307602827177307
backtest_1,mint_diagonal,lgbm_global,False,category,0.07643837493565488,0.09343186637074943,55.67625633408462,0.006278333275175715,0.47237071929422497
backtest_1,mint_diagonal,lgbm_global,False,store,0.06339693065877651,0.06445486524015068,138.5313501938065,0.006278333275175814,0.42423196181525924
backtest_1,mint_diagonal,lgbm_global,False,state,0.046853284717231214,0.04740709181523851,409.52448173415354,0.00627833327517463,0.3318452868236717
backtest_1,mint_diagonal,lgbm_global,False,total,0.046853284717231214,0.04740709181523851,409.52448173415354,0.00627833327517463,0.3318452868236717
backtest_1,mint_diagonal,lgbm_global,False,item,0.7606538387446219,0.5839879030843171,0.5451417850085619,0.006278333275175628,0.8279225470384943
backtest_1,mint_oos,lgbm_global,False,department,0.0938173573520965,0.15322656324134784,29.286332613421795,0.006278333275175621,0.5307602827177307
backtest_1,mint_oos,lgbm_global,False,category,0.07643837493565488,0.09343186637074943,55.67625633408462,0.006278333275175715,0.47237071929422497
backtest_1,mint_oos,lgbm_global,False,store,0.06339693065877651,0.06445486524015068,138.5313501938065,0.006278333275175814,0.42423196181525924
backtest_1,mint_oos,lgbm_global,False,state,0.046853284717231214,0.04740709181523851,409.52448173415354,0.00627833327517463,0.3318452868236717
backtest_1,mint_oos,lgbm_global,False,total,0.046853284717231214,0.04740709181523851,409.52448173415354,0.00627833327517463,0.3318452868236717
backtest_1,mint_oos,lgbm_global,False,item,0.7606538387446219,0.5839879030843171,0.5451417850085619,0.006278333275175628,0.8279225470384943
backtest_2,base,lgbm_global,True,department,0.09986876100588694,0.23929631517059088,31.489741321044995,0.007786567947018066,0.65647374512118
backtest_2,base,lgbm_global,True,category,0.08259703568774038,0.10619015926311719,60.76880241116718,0.000309325854556771,0.6110091563244091
backtest_2,base,lgbm_global,True,store,0.06566014995559344,0.07586946544082925,144.9236759787725,-0.0002922931706506086,0.5565475323939668
backtest_2,base,lgbm_global,True,state,0.05058025948823041,0.04895553111273084,446.55865951887534,0.016293274756022588,0.4264435744809704
backtest_2,base,lgbm_global,True,total,0.05058025948823041,0.04895553111273084,446.55865951887534,0.016293274756022588,0.4264435744809704
backtest_2,base,lgbm_global,True,item,0.7838341355988665,0.5970601600514461,0.5674194515080536,0.06955534274733582,0.8398308444304479
backtest_2,bottom_up,lgbm_global,True,department,0.1203645734986889,0.26063485823051824,37.952301055063636,0.06955534274733582,0.7167245897580194
backtest_2,bottom_up,lgbm_global,True,category,0.1088703443737933,0.13659598833141606,80.0987637219619,0.06955534274733588,0.7015893410976797
backtest_2,bottom_up,lgbm_global,True,store,0.09565219981343782,0.10419137741251405,211.12148573822398,0.06955534274733574,0.682766770902612
backtest_2,bottom_up,lgbm_global,True,state,0.08369978362454408,0.0858140907032218,738.961475397207,0.06955534274733666,0.5590157440057267
backtest_2,bottom_up,lgbm_global,True,total,0.08369978362454408,0.0858140907032218,738.961475397207,0.06955534274733666,0.5590157440057267
backtest_2,bottom_up,lgbm_global,True,item,0.7838341355988665,0.5970601600514461,0.5674194515080536,0.06955534274733582,0.8398308444304479
backtest_2,top_down,lgbm_global,True,department,0.12238600013017213,0.26884474931425845,38.5896795614529,0.01629327475602261,0.7500368104813143
backtest_2,top_down,lgbm_global,True,category,0.1057454449431932,0.14318200264787734,77.79969336826528,0.016293274756022495,0.6910884192269748
backtest_2,top_down,lgbm_global,True,store,0.0818542461754573,0.09219069713269194,180.66693813890842,0.016293274756022446,0.59282134272716
backtest_2,top_down,lgbm_global,True,state,0.05058025948822912,0.048955531112729635,446.558659518864,0.0162932747560216,0.42644357448096537
backtest_2,top_down,lgbm_global,True,total,0.05058025948822912,0.048955531112729635,446.558659518864,0.0162932747560216,0.42644357448096537
backtest_2,top_down,lgbm_global,True,item,0.7951176747406995,0.6070577065636443,0.5755876331425991,0.016293274756022588,0.8776681797447627
backtest_2,mint_diagonal,lgbm_global,True,department,0.10934837532319064,0.24669060786046318,34.47877011912502,0.0515906328532784,0.6664291817625088
backtest_2,mint_diagonal,lgbm_global,True,category,0.09721543287700922,0.1208052185300037,71.52394008609579,0.051590632853278466,0.6400948005181731
backtest_2,mint_diagonal,lgbm_global,True,store,0.08273507379467405,0.0912857638323998,182.6110819851661,0.051590632853278744,0.6010933132867329
backtest_2,mint_diagonal,lgbm_global,True,state,0.06953080584587368,0.07043485383218982,613.8676188686914,0.05159063285327827,0.4817582829809058
backtest_2,mint_diagonal,lgbm_global,True,total,0.06953080584587368,0.07043485383218982,613.8676188686914,0.05159063285327827,0.4817582829809058
backtest_2,mint_diagonal,lgbm_global,True,item,0.7789656739117653,0.5932765344173517,0.5638951601628287,0.051590632853278404,0.8377286014876736
backtest_2,mint_oos,lgbm_global,True,department,0.10751910197793128,0.2452153270257163,33.90197970070475,0.04796218661262778,0.6576199874880452
backtest_2,mint_oos,lgbm_global,True,category,0.09498930679668717,0.1187822831798677,69.88612082550075,0.04796218661262787,0.6283834136372808
backtest_2,mint_oos,lgbm_global,True,store,0.08000560687976441,0.08900316196906742,176.5866610991543,0.04796218661262771,0.5837954802716183
backtest_2,mint_oos,lgbm_global,True,state,0.06682184708118973,0.06746245943235611,589.9509959235153,0.04796218661262801,0.4681473936118448
backtest_2,mint_oos,lgbm_global,True,total,0.06682184708118973,0.06746245943235611,589.9509959235153,0.04796218661262801,0.4681473936118448
backtest_2,mint_oos,lgbm_global,True,item,0.7774716812606359,0.5926484936393837,0.5628136552217187,0.0479621866126278,0.8377379860675331
backtest_3,base,lgbm_global,True,department,0.09722928745096929,0.14369087221690235,31.262874415460864,-0.0019385478281003536,0.5722122197756683
backtest_3,base,lgbm_global,True,category,0.07479013096899909,0.08635727529704845,56.11162964400482,-0.00920671655098078,0.49009207485816325
backtest_3,base,lgbm_global,True,store,0.06229467378025834,0.05895091941616774,140.21057131458315,-0.014127738730691146,0.41841683773833777
backtest_3,base,lgbm_global,True,state,0.046240960393579986,0.04478934191241012,416.30984361770743,-0.005974044813459624,0.3456101522989966
backtest_3,base,lgbm_global,True,total,0.046240960393579986,0.04478934191241012,416.30984361770743,-0.005974044813459624,0.3456101522989966
backtest_3,base,lgbm_global,True,item,0.7612760446670805,0.5857372168676012,0.5619718770730547,0.06301471510348701,0.8212247477683956
backtest_3,bottom_up,lgbm_global,True,department,0.1054296773011641,0.1649980410304739,33.899608312885974,0.06301471510348701,0.5880832418891297
backtest_3,bottom_up,lgbm_global,True,category,0.09334595360300182,0.11094176690979574,70.03321841365927,0.06301471510348702,0.562716025949094
backtest_3,bottom_up,lgbm_global,True,store,0.08317856928572015,0.07983728909335097,187.2152788185304,0.06301471510348701,0.5346920649105534
backtest_3,bottom_up,lgbm_global,True,state,0.06301471510348826,0.06630416731814533,567.3248558650139,0.06301471510348826,0.4094028346220396
backtest_3,bottom_up,lgbm_global,True,total,0.06301471510348826,0.06630416731814533,567.3248558650139,0.06301471510348826,0.4094028346220396
backtest_3,bottom_up,lgbm_global,True,item,0.7612760446670805,0.5857372168676012,0.5619718770730547,0.06301471510348701,0.8212247477683956
backtest_3,top_down,lgbm_global,True,department,0.10565408906184727,0.1509514972719051,33.97176513801059,-0.0059740448134596325,0.6282884296372354
backtest_3,top_down,lgbm_global,True,category,0.08565511557764388,0.10167192946880747,64.26313285103615,-0.005974044813459727,0.55903047691989
backtest_3,top_down,lgbm_global,True,store,0.07121965662538457,0.06843501006232969,160.29859598427126,-0.005974044813459691,0.4936610743594116
backtest_3,top_down,lgbm_global,True,state,0.046240960393579916,0.04478934191241006,416.3098436177068,-0.005974044813458891,0.34561015229899933
backtest_3,top_down,lgbm_global,True,total,0.046240960393579916,0.04478934191241006,416.3098436177068,-0.005974044813458891,0.34561015229899933
backtest_3,top_down,lgbm_global,True,item,0.7594720619804627,0.588465647843434,0.5606401820279949,-0.005974044813459625,0.8447072269437472
backtest_3,mint_diagonal,lgbm_global,True,department,0.09482658155918754,0.15001225706193153,30.490314063314504,0.042646175090473755,0.5350101456739489
backtest_3,mint_diagonal,lgbm_global,True,category,0.08146618531823994,0.09519752752718869,61.12036922333683,0.04264617509047389,0.49878946617741493
backtest_3,mint_diagonal,lgbm_global,True,store,0.06757053368706982,0.06551616349670163,152.08528365867713,0.042646175090473595,0.45189052372009675
backtest_3,mint_diagonal,lgbm_global,True,state,0.045668291875855985,0.04915799491660774,411.1540782739676,0.04264617509047312,0.3162416113583104
backtest_3,mint_diagonal,lgbm_global,True,total,0.045668291875855985,0.04915799491660774,411.1540782739676,0.04264617509047312,0.3162416113583104
backtest_3,mint_diagonal,lgbm_global,True,item,0.756427768287645,0.5813274388605616,0.5583928928181229,0.04264617509047383,0.8200931466312036
backtest_3,mint_oos,lgbm_global,True,department,0.08988586119406078,0.14451479932103672,28.901686558718634,0.033067406672604625,0.5128990432885113
backtest_3,mint_oos,lgbm_global,True,category,0.07492962045688747,0.08977958775583274,56.216282255014015,0.0330674066726046,0.4670218308899076
backtest_3,mint_oos,lgbm_global,True,store,0.05979323800908636,0.05932643446618245,134.5804312512459,0.03306740667260457,0.40703023584272474
backtest_3,mint_oos,lgbm_global,True,state,0.040545983955146817,0.04363031790336125,365.03766565447006,0.0330674066726067,0.28431767652846923
backtest_3,mint_oos,lgbm_global,True,total,0.040545983955146817,0.04363031790336125,365.03766565447006,0.0330674066726067,0.28431767652846923
backtest_3,mint_oos,lgbm_global,True,item,0.753784874199932,0.5793469469287524,0.5564419156899421,0.03306740667260461,0.8216599300924596
holdout,base,lgbm_global,True,department,0.08601835454414823,0.12069599739491133,28.590679743478148,-0.02605857535040537,0.5305249357697226
holdout,base,lgbm_global,True,category,0.06900270713076276,0.07966374828191505,53.51509058830301,-0.02790588038906966,0.46627891207390004
holdout,base,lgbm_global,True,store,0.05781713501924524,0.055729792826454926,134.5203404374109,-0.026826299797658975,0.4243886916296198
holdout,base,lgbm_global,True,state,0.04623869797869675,0.045637828188588365,430.32539688495336,-0.02493557840254941,0.36163010975843674
holdout,base,lgbm_global,True,total,0.04623869797869675,0.045637828188588365,430.32539688495336,-0.02493557840254941,0.36163010975843674
holdout,base,lgbm_global,True,item,0.7497548109769125,0.5934162460910375,0.5721280320784881,0.03188548123582329,0.8101005205786858
holdout,bottom_up,lgbm_global,True,department,0.09912553964148646,0.12043688095163485,32.94723054525095,0.03188548123582323,0.5860867980658803
holdout,bottom_up,lgbm_global,True,category,0.08174288259186567,0.09127723462721643,63.39574125059915,0.03188548123582322,0.5178336760224902
holdout,bottom_up,lgbm_global,True,store,0.07009996737193638,0.06506610428881288,163.09821426442895,0.031885481235823306,0.48460301655479193
holdout,bottom_up,lgbm_global,True,state,0.036872175615357536,0.03954420803603451,343.1548529545694,0.03188548123582431,0.278612937233537
holdout,bottom_up,lgbm_global,True,total,0.036872175615357536,0.03954420803603451,343.1548529545694,0.03188548123582431,0.278612937233537
holdout,bottom_up,lgbm_global,True,item,0.7497548109769125,0.5934162460910375,0.5721280320784881,0.03188548123582329,0.8101005205786858
holdout,top_down,lgbm_global,True,department,0.11520293476476517,0.13620197310922275,38.291016269995325,-0.02493557840254938,0.7063401728896441
holdout,top_down,lgbm_global,True,category,0.09643598575802352,0.10059836755749021,74.79098615700761,-0.024935578402549643,0.6441478560112426
holdout,top_down,lgbm_global,True,store,0.08708180857950536,0.08350798083356246,202.60904543473575,-0.024935578402549854,0.6321856326225316
holdout,top_down,lgbm_global,True,state,0.04623869797869484,0.04563782818858638,430.3253968849355,-0.024935578402548658,0.3616301097584271
holdout,top_down,lgbm_global,True,total,0.04623869797869484,0.04563782818858638,430.3253968849355,-0.024935578402548658,0.3616301097584271
holdout,top_down,lgbm_global,True,item,0.7499743258257769,0.5932443476472731,0.572295540971601,-0.02493557840254941,0.8254955463619043
holdout,mint_diagonal,lgbm_global,True,department,0.09128544589945146,0.11434858707480977,30.341349387383364,0.0166893619169496,0.5486242917404915
holdout,mint_diagonal,lgbm_global,True,category,0.07320298278748553,0.08242087675234674,56.77261687403844,0.0166893619169496,0.47359824222567565
holdout,mint_diagonal,lgbm_global,True,store,0.059576297760147875,0.056087102594744406,138.61329956989405,0.01668936191694985,0.432402084350433
holdout,mint_diagonal,lgbm_global,True,state,0.03260316383736362,0.03427364793458815,303.42483744854997,0.01668936191694917,0.24062007683535055
holdout,mint_diagonal,lgbm_global,True,total,0.03260316383736362,0.03427364793458815,303.42483744854997,0.01668936191694917,0.24062007683535055
holdout,mint_diagonal,lgbm_global,True,item,0.7457004817132264,0.5895098423821469,0.5690342267583081,0.016689361916949582,0.8080240184733521
holdout,mint_oos,lgbm_global,True,department,0.08742896893079853,0.11319651328718815,29.05953809800017,0.00866842936096468,0.5307139558453233
holdout,mint_oos,lgbm_global,True,category,0.06974021172617936,0.07989664021003905,54.08706271626919,0.008668429360964602,0.4564804707170215
holdout,mint_oos,lgbm_global,True,store,0.05515709420725029,0.05239151998263682,128.33135173210997,0.008668429360964567,0.4130151270955512
holdout,mint_oos,lgbm_global,True,state,0.031353225681250346,0.032574337347943794,291.79215407673644,0.008668429360964475,0.2384411708966035
holdout,mint_oos,lgbm_global,True,total,0.031353225681250346,0.032574337347943794,291.79215407673644,0.008668429360964475,0.2384411708966035
holdout,mint_oos,lgbm_global,True,item,0.7433899459567707,0.5878846096312126,0.5672710873212091,0.008668429360964637,0.8076666089143427
